Workbook

Sheet Rel 2026 08
A1: Elegível | B1: Elegível2 | C1: Responsável | D1: Agência | E1: chave_loja | F1: nome_loja | G1: ag_pacb | H1: dt_inst_tablet | I1: uf | J1: municipio | K1: dt_clube | L1: dt_certificacao | M1: ger_regional | N1: data_ult_transacao | O1: qtd_TrxContabil | P1: qtd_contas | Q1: qtd_contas_com_deposito | R1: qtd_cesta_serv | S1: QTD_CARTAO_EMITIDO | T1: vlr_lime | U1: vlr_consignado_total | V1: vlr_consignado_inss | W1: vlr_consignado_pub | X1: vlr_consignado_priv | Y1: VLR_CREDITO_PARCEL | Z1: QTD_CONTAS_PJ | AA1: qtd_microsseguro | AB1: QTD_SUPER_PROTEGIDO | AC1: QTD_MICRO_VIVAVIDA | AD1: QTD_PLANO_ODONTO | AE1: QTD_SEG_RESIDENCIAL | AF1: QTD_SEG_CARTAO_DEB | AG1: VLR_EXP_SORTE | AH1: REFERENCIA | AI1: BLOQUEADO | AJ1: DT_BLOQUEADO | AK1: Status | AL1: Pontuação | AM1: Zero | AN1: Pontuação2
A2: =IF(Rel_2026[[#This Row],[Zero]]=0,"Zero",IF(Rel_2026[[#This Row],[Pontuação]]>=10,"Sim",IF(Rel_2026[[#This Row],[Pontuação]]>=5,"Próximo","Não"))) -> Não | B2: =IF(Rel_2026[[#This Row],[Zero]]=0,"Zero",IF(Rel_2026[[#This Row],[Pontuação2]]>=10,"Sim",IF(Rel_2026[[#This Row],[Pontuação2]]>=5,"Próximo","Não"))) -> Não | C2: =IFERROR(VLOOKUP(Rel_2026[[#This Row],[chave_loja]],Responsavel!A:B,2,FALSE),"EUCLIDES") -> JUNIOR | D2: =LEFT(Rel_2026[[#This Row],[ag_pacb]],4) -> 1351 | E2: 408134 | F2: Valeria Auto Pecas | G2: 1351/333 | H2: 45793 | I2: CE | J2: AMONTADA | K2: 45623 | L2: 45817 | M2: FORTALEZA OESTE | N2: 46248 | O2: 141 | P2: 0 | Q2: 0 | R2: 0 | S2: 0 | T2: 0 | U2: 0 | V2: 0 | W2: 0 | X2: 0 | Y2: 0 | Z2: 0 | AA2: 0 | AB2: 0 | AC2: 0 | AD2: 0 | AE2: 0 | AF2: 0 | AG2: 0 | AH2: Nao | AI2: Desbloqueado | AK2: TREINADO | AL2: =IF(Rel_2026[[#This Row],[qtd_contas_com_deposito]]>0,7*Rel_2026[[#This Row],[qtd_contas_com_deposito]])+IF((Rel_2026[[#This Row],[qtd_contas]]-Rel_2026[[#This Row],[qtd_contas_com_deposito]])>0,(Rel_2026[[#This Row],[qtd_contas]]-Rel_2026[[#This Row],[qtd_contas_com_deposito]])*3)+IF(Rel_2026[[#This Row],[qtd_cesta_serv]]>0,0*Rel_2026[[#This Row],[qtd_cesta_serv]])+IF(Rel_2026[[#This Row],[QTD_CARTAO_EMITIDO]]>0,0*Rel_2026[[#This Row],[QTD_CARTAO_EMITIDO]])+IF(Rel_2026[[#This Row],[QTD_SUPER_PROTEGIDO]]>0,0*Rel_2026[[#This Row],[QTD_SUPER_PROTEGIDO]])+IF(Rel_2026[[#This Row],[QTD_CONTAS_PJ]]>0,0*Rel_2026[[#This Row],[QTD_CONTAS_PJ]])+IF(Rel_2026[[#This Row],[QTD_MICRO_VIVAVIDA]]>0,1*Rel_2026[[#This Row],[QTD_MICRO_VIVAVIDA]])+IF(Rel_2026[[#This Row],[qtd_microsseguro]]>0,1*Rel_2026[[#This Row],[qtd_microsseguro]])+IF(Rel_2026[[#This Row],[QTD_SEG_RESIDENCIAL]]>0,1*Rel_2026[[#This Row],[QTD_SEG_RESIDENCIAL]])+IF(Rel_2026[[#This Row],[QTD_PLANO_ODONTO]]>0,1*Rel_2026[[#This Row],[QTD_PLANO_ODONTO]])+IF(Rel_2026[[#This Row],[vlr_lime]]>0,1*ROUND(Rel_2026[[#This Row],[vlr_lime]]/100,0))+ROUND(IF(Rel_2026[[#This Row],[VLR_CREDITO_PARCEL]]>500,1*Rel_2026[[#This Row],[VLR_CREDITO_PARCEL]]/500),0)+ROUND(Rel_2026[[#This Row],[vlr_consignado_total]]/1000,0)+ROUND(Rel_2026[[#This Row],[VLR_EXP_SORTE]]/50,0) -> 0 | AM2: =SUM(Rel_2026[[#This Row],[qtd_TrxContabil]:[VLR_EXP_SORTE]]) -> 141 | AN2: =IF(Rel_2026[[#This Row],[qtd_contas_com_deposito]]>0,7*Rel_2026[[#This Row],[qtd_contas_com_deposito]])+IF((Rel_2026[[#This Row],[qtd_contas]]-Rel_2026[[#This Row],[qtd_contas_com_deposito]])>0,(Rel_2026[[#This Row],[qtd_contas]]-Rel_2026[[#This Row],[qtd_contas_com_deposito]])*3)+IF(Rel_2026[[#This Row],[qtd_cesta_serv]]>0,3*Rel_2026[[#This Row],[qtd_cesta_serv]])+IF(Rel_2026[[#This Row],[QTD_CARTAO_EMITIDO]]>0,0*Rel_2026[[#This Row],[QTD_CARTAO_EMITIDO]])+IF(Rel_2026[[#This Row],[QTD_SUPER_PROTEGIDO]]>0,0*Rel_2026[[#This Row],[QTD_SUPER_PROTEGIDO]])+IF(Rel_2026[[#This Row],[QTD_CONTAS_PJ]]>0,0*Rel_2026[[#This Row],[QTD_CONTAS_PJ]])+IF(Rel_2026[[#This Row],[QTD_MICRO_VIVAVIDA]]>0,1*Rel_2026[[#This Row],[QTD_MICRO_VIVAVIDA]])+IF(Rel_2026[[#This Row],[qtd_microsseguro]]>0,1*Rel_2026[[#This Row],[qtd_microsseguro]])+IF(Rel_2026[[#This Row],[QTD_SEG_RESIDENCIAL]]>0,1*Rel_2026[[#This Row],[QTD_SEG_RESIDENCIAL]])+IF(Rel_2026[[#This Row],[QTD_PLANO_ODONTO]]>0,1*Rel_2026[[#This Row],[QTD_PLANO_ODONTO]])+IF(Rel_2026[[#This Row],[vlr_lime]]>0,1*ROUND(Rel_2026[[#This Row],[vlr_lime]]/100,0))+ROUND(IF(Rel_2026[[#This Row],[VLR_CREDITO_PARCEL]]>500,1*Rel_2026[[#This Row],[VLR_CREDITO_PARCEL]]/500),0)+ROUND(Rel_2026[[#This Row],[vlr_consignado_total]]/1000,0)+ROUND(Rel_2026[[#This Row],[VLR_EXP_SORTE]]/50,0) -> 0
A3: =IF(Rel_2026[[#This Row],[Zero]]=0,"Zero",IF(Rel_2026[[#This Row],[Pontuação]]>=10,"Sim",IF(Rel_2026[[#This Row],[Pontuação]]>=5,"Próximo","Não"))) -> Não | B3: =IF(Rel_2026[[#This Row],[Zero]]=0,"Zero",IF(Rel_2026[[#This Row],[Pontuação2]]>=10,"Sim",IF(Rel_2026[[#This Row],[Pontuação2]]>=5,"Próximo","Não"))) -> Não | C3: =IFERROR(VLOOKUP(Rel_2026[[#This Row],[chave_loja]],Responsavel!A:B,2,FALSE),"EUCLIDES") -> ROSSY | D3: =LEFT(Rel_2026[[#This Row],[ag_pacb]],4) -> 0854 | E3: 423538 | F3: Do Povo Casa De Construções | G3: 0854/193 | H3: 46134 | I3: MA | J3: TIMON | K3: 46125 | L3: 46149 | M3: TERESINA | N3: 46254 | O3: 163 | P3: 0 | Q3: 0 | R3: 0 | S3: 0 | T3: 0 | U3: 0 | V3: 0 | W3: 0 | X3: 0 | Y3: 0 | Z3: 0 | AA3: 0 | AB3: 0 | AC3: 0 | AD3: 0 | AE3: 0 | AF3: 0 | AG3: 0 | AH3: Nao | AI3: Desbloqueado | AK3: TREINADO | AL3: =IF(Rel_2026[[#This Row],[qtd_contas_com_deposito]]>0,7*Rel_2026[[#This Row],[qtd_contas_com_deposito]])+IF((Rel_2026[[#This Row],[qtd_contas]]-Rel_2026[[#This Row],[qtd_contas_com_deposito]])>0,(Rel_2026[[#This Row],[qtd_contas]]-Rel_2026[[#This Row],[qtd_contas_com_deposito]])*3)+IF(Rel_2026[[#This Row],[qtd_cesta_serv]]>0,0*Rel_2026[[#This Row],[qtd_cesta_serv]])+IF(Rel_2026[[#This Row],[QTD_CARTAO_EMITIDO]]>0,0*Rel_2026[[#This Row],[QTD_CARTAO_EMITIDO]])+IF(Rel_2026[[#This Row],[QTD_SUPER_PROTEGIDO]]>0,0*Rel_2026[[#This Row],[QTD_SUPER_PROTEGIDO]])+IF(Rel_2026[[#This Row],[QTD_CONTAS_PJ]]>0,0*Rel_2026[[#This Row],[QTD_CONTAS_PJ]])+IF(Rel_2026[[#This Row],[QTD_MICRO_VIVAVIDA]]>0,1*Rel_2026[[#This Row],[QTD_MICRO_VIVAVIDA]])+IF(Rel_2026[[#This Row],[qtd_microsseguro]]>0,1*Rel_2026[[#This Row],[qtd_microsseguro]])+IF(Rel_2026[[#This Row],[QTD_SEG_RESIDENCIAL]]>0,1*Rel_2026[[#This Row],[QTD_SEG_RESIDENCIAL]])+IF(Rel_2026[[#This Row],[QTD_PLANO_ODONTO]]>0,1*Rel_2026[[#This Row],[QTD_PLANO_ODONTO]])+IF(Rel_2026[[#This Row],[vlr_lime]]>0,1*ROUND(Rel_2026[[#This Row],[vlr_lime]]/100,0))+ROUND(IF(Rel_2026[[#This Row],[VLR_CREDITO_PARCEL]]>500,1*Rel_2026[[#This Row],[VLR_CREDITO_PARCEL]]/500),0)+ROUND(Rel_2026[[#This Row],[vlr_consignado_total]]/1000,0)+ROUND(Rel_2026[[#This Row],[VLR_EXP_SORTE]]/50,0) -> 0 | AM3: =SUM(Rel_2026[[#This Row],[qtd_TrxContabil]:[VLR_EXP_SORTE]]) -> 163 | AN3: =IF(Rel_2026[[#This Row],[qtd_contas_com_deposito]]>0,7*Rel_2026[[#This Row],[qtd_contas_com_deposito]])+IF((Rel_2026[[#This Row],[qtd_contas]]-Rel_2026[[#This Row],[qtd_contas_com_deposito]])>0,(Rel_2026[[#This Row],[qtd_contas]]-Rel_2026[[#This Row],[qtd_contas_com_deposito]])*3)+IF(Rel_2026[[#This Row],[qtd_cesta_serv]]>0,3*Rel_2026[[#This Row],[qtd_cesta_serv]])+IF(Rel_2026[[#This Row],[QTD_CARTAO_EMITIDO]]>0,0*Rel_2026[[#This Row],[QTD_CARTAO_EMITIDO]])+IF(Rel_2026[[#This Row],[QTD_SUPER_PROTEGIDO]]>0,0*Rel_2026[[#This Row],[QTD_SUPER_PROTEGIDO]])+IF(Rel_2026[[#This Row],[QTD_CONTAS_PJ]]>0,0*Rel_2026[[#This Row],[QTD_CONTAS_PJ]])+IF(Rel_2026[[#This Row],[QTD_MICRO_VIVAVIDA]]>0,1*Rel_2026[[#This Row],[QTD_MICRO_VIVAVIDA]])+IF(Rel_2026[[#This Row],[qtd_microsseguro]]>0,1*Rel_2026[[#This Row],[qtd_microsseguro]])+IF(Rel_2026[[#This Row],[QTD_SEG_RESIDENCIAL]]>0,1*Rel_2026[[#This Row],[QTD_SEG_RESIDENCIAL]])+IF(Rel_2026[[#This Row],[QTD_PLANO_ODONTO]]>0,1*Rel_2026[[#This Row],[QTD_PLANO_ODONTO]])+IF(Rel_2026[[#This Row],[vlr_lime]]>0,1*ROUND(Rel_2026[[#This Row],[vlr_lime]]/100,0))+ROUND(IF(Rel_2026[[#This Row],[VLR_CREDITO_PARCEL]]>500,1*Rel_2026[[#This Row],[VLR_CREDITO_PARCEL]]/500),0)+ROUND(Rel_2026[[#This Row],[vlr_consignado_total]]/1000,0)+ROUND(Rel_2026[[#This Row],[VLR_EXP_SORTE]]/50,0) -> 0
A4: =IF(Rel_2026[[#This Row],[Zero]]=0,"Zero",IF(Rel_2026[[#This Row],[Pontuação]]>=10,"Sim",IF(Rel_2026[[#This Row],[Pontuação]]>=5,"Próximo","Não"))) -> Sim | B4: =IF(Rel_2026[[#This Row],[Zero]]=0,"Zero",IF(Rel_2026[[#This Row],[Pontuação2]]>=10,"Sim",IF(Rel_2026[[#This Row],[Pontuação2]]>=5,"Próximo","Não"))) -> Sim | C4: =IFERROR(VLOOKUP(Rel_2026[[#This Row],[chave_loja]],Responsavel!A:B,2,FALSE),"EUCLIDES") -> CÉLIO | D4: =LEFT(Rel_2026[[#This Row],[ag_pacb]],4) -> 0625 | E4: 136478 | F4: TURQUESA ACESSORIOS | G4: 0625/089 | H4: 45120 | I4: CE | J4: FORTALEZA | K4: 45306 | L4: 45495 | M4: FORTALEZA OESTE | N4: 46254 | O4: 14 | P4: 21 | Q4: 0 | R4: 14 | S4: 3 | T4: 0 | U4: 0 | V4: 0 | W4: 0 | X4: 0 | Y4: 0 | Z4: 0 | AA4: 0 | AB4: 4 | AC4: 0 | AD4: 0 | AE4: 0 | AF4: 15 | AG4: 0 | AH4: Nao | AI4: Desbloqueado | AK4: TREINADO | AL4: =IF(Rel_2026[[#This Row],[qtd_contas_com_deposito]]>0,7*Rel_2026[[#This Row],[qtd_contas_com_deposito]])+IF((Rel_2026[[#This Row],[qtd_contas]]-Rel_2026[[#This Row],[qtd_contas_com_deposito]])>0,(Rel_2026[[#This Row],[qtd_contas]]-Rel_2026[[#This Row],[qtd_contas_com_deposito]])*3)+IF(Rel_2026[[#This Row],[qtd_cesta_serv]]>0,0*Rel_2026[[#This Row],[qtd_cesta_serv]])+IF(Rel_2026[[#This Row],[QTD_CARTAO_EMITIDO]]>0,0*Rel_2026[[#This Row],[QTD_CARTAO_EMITIDO]])+IF(Rel_2026[[#This Row],[QTD_SUPER_PROTEGIDO]]>0,0*Rel_2026[[#This Row],[QTD_SUPER_PROTEGIDO]])+IF(Rel_2026[[#This Row],[QTD_CONTAS_PJ]]>0,0*Rel_2026[[#This Row],[QTD_CONTAS_PJ]])+IF(Rel_2026[[#This Row],[QTD_MICRO_VIVAVIDA]]>0,1*Rel_2026[[#This Row],[QTD_MICRO_VIVAVIDA]])+IF(Rel_2026[[#This Row],[qtd_microsseguro]]>0,1*Rel_2026[[#This Row],[qtd_microsseguro]])+IF(Rel_2026[[#This Row],[QTD_SEG_RESIDENCIAL]]>0,1*Rel_2026[[#This Row],[QTD_SEG_RESIDENCIAL]])+IF(Rel_2026[[#This Row],[QTD_PLANO_ODONTO]]>0,1*Rel_2026[[#This Row],[QTD_PLANO_ODONTO]])+IF(Rel_2026[[#This Row],[vlr_lime]]>0,1*ROUND(Rel_2026[[#This Row],[vlr_lime]]/100,0))+ROUND(IF(Rel_2026[[#This Row],[VLR_CREDITO_PARCEL]]>500,1*Rel_2026[[#This Row],[VLR_CREDITO_PARCEL]]/500),0)+ROUND(Rel_2026[[#This Row],[vlr_consignado_total]]/1000,0)+ROUND(Rel_2026[[#This Row],[VLR_EXP_SORTE]]/50,0) -> 63 | AM4: =SUM(Rel_2026[[#This Row],[qtd_TrxContabil]:[VLR_EXP_SORTE]]) -> 71 | AN4: =IF(Rel_2026[[#This Row],[qtd_contas_com_deposito]]>0,7*Rel_2026[[#This Row],[qtd_contas_com_deposito]])+IF((Rel_2026[[#This Row],[qtd_contas]]-Rel_2026[[#This Row],[qtd_contas_com_deposito]])>0,(Rel_2026[[#This Row],[qtd_contas]]-Rel_2026[[#This Row],[qtd_contas_com_deposito]])*3)+IF(Rel_2026[[#This Row],[qtd_cesta_serv]]>0,3*Rel_2026[[#This Row],[qtd_cesta_serv]])+IF(Rel_2026[[#This Row],[QTD_CARTAO_EMITIDO]]>0,0*Rel_2026[[#This Row],[QTD_CARTAO_EMITIDO]])+IF(Rel_2026[[#This Row],[QTD_SUPER_PROTEGIDO]]>0,0*Rel_2026[[#This Row],[QTD_SUPER_PROTEGIDO]])+IF(Rel_2026[[#This Row],[QTD_CONTAS_PJ]]>0,0*Rel_2026[[#This Row],[QTD_CONTAS_PJ]])+IF(Rel_2026[[#This Row],[QTD_MICRO_VIVAVIDA]]>0,1*Rel_2026[[#This Row],[QTD_MICRO_VIVAVIDA]])+IF(Rel_2026[[#This Row],[qtd_microsseguro]]>0,1*Rel_2026[[#This Row],[qtd_microsseguro]])+IF(Rel_2026[[#This Row],[QTD_SEG_RESIDENCIAL]]>0,1*Rel_2026[[#This Row],[QTD_SEG_RESIDENCIAL]])+IF(Rel_2026[[#This Row],[QTD_PLANO_ODONTO]]>0,1*Rel_2026[[#This Row],[QTD_PLANO_ODONTO]])+IF(Rel_2026[[#This Row],[vlr_lime]]>0,1*ROUND(Rel_2026[[#This Row],[vlr_lime]]/100,0))+ROUND(IF(Rel_2026[[#This Row],[VLR_CREDITO_PARCEL]]>500,1*Rel_2026[[#This Row],[VLR_CREDITO_PARCEL]]/500),0)+ROUND(Rel_2026[[#This Row],[vlr_consignado_total]]/1000,0)+ROUND(Rel_2026[[#This Row],[VLR_EXP_SORTE]]/50,0) -> 105
A5: =IF(Rel_2026[[#This Row],[Zero]]=0,"Zero",IF(Rel_2026[[#This Row],[Pontuação]]>=10,"Sim",IF(Rel_2026[[#This Row],[Pontuação]]>=5,"Próximo","Não"))) -> Sim | B5: =IF(Rel_2026[[#This Row],[Zero]]=0,"Zero",IF(Rel_2026[[#This Row],[Pontuação2]]>=10,"Sim",IF(Rel_2026[[#This Row],[Pontuação2]]>=5,"Próximo","Não"))) -> Sim | C5: =IFERROR(VLOOKUP(Rel_2026[[#This Row],[chave_loja]],Responsavel!A:B,2,FALSE),"EUCLIDES") -> WASTHSON | D5: =LEFT(Rel_2026[[#This Row],[ag_pacb]],4) -> 0702 | E5: 180964 | F5: MERCADINHO NSA SENHORA DE FATIMA | G5: 0702/131 | H5: 45128 | I5: CE | J5: CARIRE | K5: 43795 | L5: 45597 | M5: FORTALEZA OESTE | N5: 46254 | O5: 556 | P5: 2 | Q5: 2 | R5: 1 | S5: 0 | T5: 0 | U5: 0 | V5: 0 | W5: 0 | X5: 0 | Y5: 0 | Z5: 0 | AA5: 0 | AB5: 0 | AC5: 0 | AD5: 0 | AE5: 0 | AF5: 0 | AG5: 0 | AH5: Nao | AI5: Desbloqueado | AK5: TREINADO | AL5: =IF(Rel_2026[[#This Row],[qtd_contas_com_deposito]]>0,7*Rel_2026[[#This Row],[qtd_contas_com_deposito]])+IF((Rel_2026[[#This Row],[qtd_contas]]-Rel_2026[[#This Row],[qtd_contas_com_deposito]])>0,(Rel_2026[[#This Row],[qtd_contas]]-Rel_2026[[#This Row],[qtd_contas_com_deposito]])*3)+IF(Rel_2026[[#This Row],[qtd_cesta_serv]]>0,0*Rel_2026[[#This Row],[qtd_cesta_serv]])+IF(Rel_2026[[#This Row],[QTD_CARTAO_EMITIDO]]>0,0*Rel_2026[[#This Row],[QTD_CARTAO_EMITIDO]])+IF(Rel_2026[[#This Row],[QTD_SUPER_PROTEGIDO]]>0,0*Rel_2026[[#This Row],[QTD_SUPER_PROTEGIDO]])+IF(Rel_2026[[#This Row],[QTD_CONTAS_PJ]]>0,0*Rel_2026[[#This Row],[QTD_CONTAS_PJ]])+IF(Rel_2026[[#This Row],[QTD_MICRO_VIVAVIDA]]>0,1*Rel_2026[[#This Row],[QTD_MICRO_VIVAVIDA]])+IF(Rel_2026[[#This Row],[qtd_microsseguro]]>0,1*Rel_2026[[#This Row],[qtd_microsseguro]])+IF(Rel_2026[[#This Row],[QTD_SEG_RESIDENCIAL]]>0,1*Rel_2026[[#This Row],[QTD_SEG_RESIDENCIAL]])+IF(Rel_2026[[#This Row],[QTD_PLANO_ODONTO]]>0,1*Rel_2026[[#This Row],[QTD_PLANO_ODONTO]])+IF(Rel_2026[[#This Row],[vlr_lime]]>0,1*ROUND(Rel_2026[[#This Row],[vlr_lime]]/100,0))+ROUND(IF(Rel_2026[[#This Row],[VLR_CREDITO_PARCEL]]>500,1*Rel_2026[[#This Row],[VLR_CREDITO_PARCEL]]/500),0)+ROUND(Rel_2026[[#This Row],[vlr_consignado_total]]/1000,0)+ROUND(Rel_2026[[#This Row],[VLR_EXP_SORTE]]/50,0) -> 14 | AM5: =SUM(Rel_2026[[#This Row],[qtd_TrxContabil]:[VLR_EXP_SORTE]]) -> 561 | AN5: =IF(Rel_2026[[#This Row],[qtd_contas_com_deposito]]>0,7*Rel_2026[[#This Row],[qtd_contas_com_deposito]])+IF((Rel_2026[[#This Row],[qtd_contas]]-Rel_2026[[#This Row],[qtd_contas_com_deposito]])>0,(Rel_2026[[#This Row],[qtd_contas]]-Rel_2026[[#This Row],[qtd_contas_com_deposito]])*3)+IF(Rel_2026[[#This Row],[qtd_cesta_serv]]>0,3*Rel_2026[[#This Row],[qtd_cesta_serv]])+IF(Rel_2026[[#This Row],[QTD_CARTAO_EMITIDO]]>0,0*Rel_2026[[#This Row],[QTD_CARTAO_EMITIDO]])+IF(Rel_2026[[#This Row],[QTD_SUPER_PROTEGIDO]]>0,0*Rel_2026[[#This Row],[QTD_SUPER_PROTEGIDO]])+IF(Rel_2026[[#This Row],[QTD_CONTAS_PJ]]>0,0*Rel_2026[[#This Row],[QTD_CONTAS_PJ]])+IF(Rel_2026[[#This Row],[QTD_MICRO_VIVAVIDA]]>0,1*Rel_2026[[#This Row],[QTD_MICRO_VIVAVIDA]])+IF(Rel_2026[[#This Row],[qtd_microsseguro]]>0,1*Rel_2026[[#This Row],[qtd_microsseguro]])+IF(Rel_2026[[#This Row],[QTD_SEG_RESIDENCIAL]]>0,1*Rel_2026[[#This Row],[QTD_SEG_RESIDENCIAL]])+IF(Rel_2026[[#This Row],[QTD_PLANO_ODONTO]]>0,1*Rel_2026[[#This Row],[QTD_PLANO_ODONTO]])+IF(Rel_2026[[#This Row],[vlr_lime]]>0,1*ROUND(Rel_2026[[#This Row],[vlr_lime]]/100,0))+ROUND(IF(Rel_2026[[#This Row],[VLR_CREDITO_PARCEL]]>500,1*Rel_2026[[#This Row],[VLR_CREDITO_PARCEL]]/500),0)+ROUND(Rel_2026[[#This Row],[vlr_consignado_total]]/1000,0)+ROUND(Rel_2026[[#This Row],[VLR_EXP_SORTE]]/50,0) -> 17
A6: =IF(Rel_2026[[#This Row],[Zero]]=0,"Zero",IF(Rel_2026[[#This Row],[Pontuação]]>=10,"Sim",IF(Rel_2026[[#This Row],[Pontuação]]>=5,"Próximo","Não"))) -> Sim | B6: =IF(Rel_2026[[#This Row],[Zero]]=0,"Zero",IF(Rel_2026[[#This Row],[Pontuação2]]>=10,"Sim",IF(Rel_2026[[#This Row],[Pontuação2]]>=5,"Próximo","Não"))) -> Sim | C6: =IFERROR(VLOOKUP(Rel_2026[[#This Row],[chave_loja]],Responsavel!A:B,2,FALSE),"EUCLIDES") -> NYCOLLAS | D6: =LEFT(Rel_2026[[#This Row],[ag_pacb]],4) -> 5443 | E6: 248370 | F6: BELLOPE CALCADOS | G6: 5443/103 | H6: 45082 | I6: CE | J6: PARACURU | K6: 45306 | L6: 45131 | M6: FORTALEZA OESTE | N6: 46254 | O6: 99 | P6: 2 | Q6: 2 | R6: 2 | S6: 0 | T6: 0 | U6: 0 | V6: 0 | W6: 0 | X6: 0 | Y6: 0 | Z6: 0 | AA6: 0 | AB6: 0 | AC6: 0 | AD6: 0 | AE6: 0 | AF6: 0 | AG6: 0 | AH6: Nao | AI6: Desbloqueado | AK6: TREINADO | AL6: =IF(Rel_2026[[#This Row],[qtd_contas_com_deposito]]>0,7*Rel_2026[[#This Row],[qtd_contas_com_deposito]])+IF((Rel_2026[[#This Row],[qtd_contas]]-Rel_2026[[#This Row],[qtd_contas_com_deposito]])>0,(Rel_2026[[#This Row],[qtd_contas]]-Rel_2026[[#This Row],[qtd_contas_com_deposito]])*3)+IF(Rel_2026[[#This Row],[qtd_cesta_serv]]>0,0*Rel_2026[[#This Row],[qtd_cesta_serv]])+IF(Rel_2026[[#This Row],[QTD_CARTAO_EMITIDO]]>0,0*Rel_2026[[#This Row],[QTD_CARTAO_EMITIDO]])+IF(Rel_2026[[#This Row],[QTD_SUPER_PROTEGIDO]]>0,0*Rel_2026[[#This Row],[QTD_SUPER_PROTEGIDO]])+IF(Rel_2026[[#This Row],[QTD_CONTAS_PJ]]>0,0*Rel_2026[[#This Row],[QTD_CONTAS_PJ]])+IF(Rel_2026[[#This Row],[QTD_MICRO_VIVAVIDA]]>0,1*Rel_2026[[#This Row],[QTD_MICRO_VIVAVIDA]])+IF(Rel_2026[[#This Row],[qtd_microsseguro]]>0,1*Rel_2026[[#This Row],[qtd_microsseguro]])+IF(Rel_2026[[#This Row],[QTD_SEG_RESIDENCIAL]]>0,1*Rel_2026[[#This Row],[QTD_SEG_RESIDENCIAL]])+IF(Rel_2026[[#This Row],[QTD_PLANO_ODONTO]]>0,1*Rel_2026[[#This Row],[QTD_PLANO_ODONTO]])+IF(Rel_2026[[#This Row],[vlr_lime]]>0,1*ROUND(Rel_2026[[#This Row],[vlr_lime]]/100,0))+ROUND(IF(Rel_2026[[#This Row],[VLR_CREDITO_PARCEL]]>500,1*Rel_2026[[#This Row],[VLR_CREDITO_PARCEL]]/500),0)+ROUND(Rel_2026[[#This Row],[vlr_consignado_total]]/1000,0)+ROUND(Rel_2026[[#This Row],[VLR_EXP_SORTE]]/50,0) -> 14 | AM6: =SUM(Rel_2026[[#This Row],[qtd_TrxContabil]:[VLR_EXP_SORTE]]) -> 105 | AN6: =IF(Rel_2026[[#This Row],[qtd_contas_com_deposito]]>0,7*Rel_2026[[#This Row],[qtd_contas_com_deposito]])+IF((Rel_2026[[#This Row],[qtd_contas]]-Rel_2026[[#This Row],[qtd_contas_com_deposito]])>0,(Rel_2026[[#This Row],[qtd_contas]]-Rel_2026[[#This Row],[qtd_contas_com_deposito]])*3)+IF(Rel_2026[[#This Row],[qtd_cesta_serv]]>0,3*Rel_2026[[#This Row],[qtd_cesta_serv]])+IF(Rel_2026[[#This Row],[QTD_CARTAO_EMITIDO]]>0,0*Rel_2026[[#This Row],[QTD_CARTAO_EMITIDO]])+IF(Rel_2026[[#This Row],[QTD_SUPER_PROTEGIDO]]>0,0*Rel_2026[[#This Row],[QTD_SUPER_PROTEGIDO]])+IF(Rel_2026[[#This Row],[QTD_CONTAS_PJ]]>0,0*Rel_2026[[#This Row],[QTD_CONTAS_PJ]])+IF(Rel_2026[[#This Row],[QTD_MICRO_VIVAVIDA]]>0,1*Rel_2026[[#This Row],[QTD_MICRO_VIVAVIDA]])+IF(Rel_2026[[#This Row],[qtd_microsseguro]]>0,1*Rel_2026[[#This Row],[qtd_microsseguro]])+IF(Rel_2026[[#This Row],[QTD_SEG_RESIDENCIAL]]>0,1*Rel_2026[[#This Row],[QTD_SEG_RESIDENCIAL]])+IF(Rel_2026[[#This Row],[QTD_PLANO_ODONTO]]>0,1*Rel_2026[[#This Row],[QTD_PLANO_ODONTO]])+IF(Rel_2026[[#This Row],[vlr_lime]]>0,1*ROUND(Rel_2026[[#This Row],[vlr_lime]]/100,0))+ROUND(IF(Rel_2026[[#This Row],[VLR_CREDITO_PARCEL]]>500,1*Rel_2026[[#This Row],[VLR_CREDITO_PARCEL]]/500),0)+ROUND(Rel_2026[[#This Row],[vlr_consignado_total]]/1000,0)+ROUND(Rel_2026[[#This Row],[VLR_EXP_SORTE]]/50,0) -> 20
A7: =IF(Rel_2026[[#This Row],[Zero]]=0,"Zero",IF(Rel_2026[[#This Row],[Pontuação]]>=10,"Sim",IF(Rel_2026[[#This Row],[Pontuação]]>=5,"Próximo","Não"))) -> Sim | B7: =IF(Rel_2026[[#This Row],[Zero]]=0,"Zero",IF(Rel_2026[[#This Row],[Pontuação2]]>=10,"Sim",IF(Rel_2026[[#This Row],[Pontuação2]]>=5,"Próximo","Não"))) -> Sim | C7: =IFERROR(VLOOKUP(Rel_2026[[#This Row],[chave_loja]],Responsavel!A:B,2,FALSE),"EUCLIDES") -> GIL | D7: =LEFT(Rel_2026[[#This Row],[ag_pacb]],4) -> 5387 | E7: 44568 | F7: COMERCIAL FROTA | G7: 5387/076 | H7: 45138 | I7: CE | J7: MARTINOPOLE | K7: 42137 | L7: 45468 | M7: FORTALEZA OESTE | N7: 46254 | O7: 2172 | P7: 10 | Q7: 0 | R7: 9 | S7: 1 | T7: 1866 | U7: 0 | V7: 0 | W7: 0 | X7: 0 | Y7: 0 | Z7: 0 | AA7: 0 | AB7: 0 | AC7: 0 | AD7: 0 | AE7: 0 | AF7: 1 | AG7: 0 | AH7: Sim | AI7: Desbloqueado | AK7: TREINADO | AL7: =IF(Rel_2026[[#This Row],[qtd_contas_com_deposito]]>0,7*Rel_2026[[#This Row],[qtd_contas_com_deposito]])+IF((Rel_2026[[#This Row],[qtd_contas]]-Rel_2026[[#This Row],[qtd_contas_com_deposito]])>0,(Rel_2026[[#This Row],[qtd_contas]]-Rel_2026[[#This Row],[qtd_contas_com_deposito]])*3)+IF(Rel_2026[[#This Row],[qtd_cesta_serv]]>0,0*Rel_2026[[#This Row],[qtd_cesta_serv]])+IF(Rel_2026[[#This Row],[QTD_CARTAO_EMITIDO]]>0,0*Rel_2026[[#This Row],[QTD_CARTAO_EMITIDO]])+IF(Rel_2026[[#This Row],[QTD_SUPER_PROTEGIDO]]>0,0*Rel_2026[[#This Row],[QTD_SUPER_PROTEGIDO]])+IF(Rel_2026[[#This Row],[QTD_CONTAS_PJ]]>0,0*Rel_2026[[#This Row],[QTD_CONTAS_PJ]])+IF(Rel_2026[[#This Row],[QTD_MICRO_VIVAVIDA]]>0,1*Rel_2026[[#This Row],[QTD_MICRO_VIVAVIDA]])+IF(Rel_2026[[#This Row],[qtd_microsseguro]]>0,1*Rel_2026[[#This Row],[qtd_microsseguro]])+IF(Rel_2026[[#This Row],[QTD_SEG_RESIDENCIAL]]>0,1*Rel_2026[[#This Row],[QTD_SEG_RESIDENCIAL]])+IF(Rel_2026[[#This Row],[QTD_PLANO_ODONTO]]>0,1*Rel_2026[[#This Row],[QTD_PLANO_ODONTO]])+IF(Rel_2026[[#This Row],[vlr_lime]]>0,1*ROUND(Rel_2026[[#This Row],[vlr_lime]]/100,0))+ROUND(IF(Rel_2026[[#This Row],[VLR_CREDITO_PARCEL]]>500,1*Rel_2026[[#This Row],[VLR_CREDITO_PARCEL]]/500),0)+ROUND(Rel_2026[[#This Row],[vlr_consignado_total]]/1000,0)+ROUND(Rel_2026[[#This Row],[VLR_EXP_SORTE]]/50,0) -> 49 | AM7: =SUM(Rel_2026[[#This Row],[qtd_TrxContabil]:[VLR_EXP_SORTE]]) -> 4059 | AN7: =IF(Rel_2026[[#This Row],[qtd_contas_com_deposito]]>0,7*Rel_2026[[#This Row],[qtd_contas_com_deposito]])+IF((Rel_2026[[#This Row],[qtd_contas]]-Rel_2026[[#This Row],[qtd_contas_com_deposito]])>0,(Rel_2026[[#This Row],[qtd_contas]]-Rel_2026[[#This Row],[qtd_contas_com_deposito]])*3)+IF(Rel_2026[[#This Row],[qtd_cesta_serv]]>0,3*Rel_2026[[#This Row],[qtd_cesta_serv]])+IF(Rel_2026[[#This Row],[QTD_CARTAO_EMITIDO]]>0,0*Rel_2026[[#This Row],[QTD_CARTAO_EMITIDO]])+IF(Rel_2026[[#This Row],[QTD_SUPER_PROTEGIDO]]>0,0*Rel_2026[[#This Row],[QTD_SUPER_PROTEGIDO]])+IF(Rel_2026[[#This Row],[QTD_CONTAS_PJ]]>0,0*Rel_2026[[#This Row],[QTD_CONTAS_PJ]])+IF(Rel_2026[[#This Row],[QTD_MICRO_VIVAVIDA]]>0,1*Rel_2026[[#This Row],[QTD_MICRO_VIVAVIDA]])+IF(Rel_2026[[#This Row],[qtd_microsseguro]]>0,1*Rel_2026[[#This Row],[qtd_microsseguro]])+IF(Rel_2026[[#This Row],[QTD_SEG_RESIDENCIAL]]>0,1*Rel_2026[[#This Row],[QTD_SEG_RESIDENCIAL]])+IF(Rel_2026[[#This Row],[QTD_PLANO_ODONTO]]>0,1*Rel_2026[[#This Row],[QTD_PLANO_ODONTO]])+IF(Rel_2026[[#This Row],[vlr_lime]]>0,1*ROUND(Rel_2026[[#This Row],[vlr_lime]]/100,0))+ROUND(IF(Rel_2026[[#This Row],[VLR_CREDITO_PARCEL]]>500,1*Rel_2026[[#This Row],[VLR_CREDITO_PARCEL]]/500),0)+ROUND(Rel_2026[[#This Row],[vlr_consignado_total]]/1000,0)+ROUND(Rel_2026[[#This Row],[VLR_EXP_SORTE]]/50,0) -> 76
A8: =IF(Rel_2026[[#This Row],[Zero]]=0,"Zero",IF(Rel_2026[[#This Row],[Pontuação]]>=10,"Sim",IF(Rel_2026[[#This Row],[Pontuação]]>=5,"Próximo","Não"))) -> Não | B8: =IF(Rel_2026[[#This Row],[Zero]]=0,"Zero",IF(Rel_2026[[#This Row],[Pontuação2]]>=10,"Sim",IF(Rel_2026[[#This Row],[Pontuação2]]>=5,"Próximo","Não"))) -> Não | C8: =IFERROR(VLOOKUP(Rel_2026[[#This Row],[chave_loja]],Responsavel!A:B,2,FALSE),"EUCLIDES") -> JACK | D8: =LEFT(Rel_2026[[#This Row],[ag_pacb]],4) -> 5808 | E8: 147670 | F8: FARMACIA N S DO CARMO | G8: 5808/089 | H8: 45204 | I8: PI | J8: PIRIPIRI | K8: 42636 | L8: 44572 | M8: TERESINA | N8: 46254 | O8: 318 | P8: 0 | Q8: 0 | R8: 0 | S8: 0 | T8: 0 | U8: 0 | V8: 0 | W8: 0 | X8: 0 | Y8: 0 | Z8: 0 | AA8: 0 | AB8: 0 | AC8: 0 | AD8: 0 | AE8: 0 | AF8: 0 | AG8: 0 | AH8: Nao | AI8: Desbloqueado | AK8: TREINADO | AL8: =IF(Rel_2026[[#This Row],[qtd_contas_com_deposito]]>0,7*Rel_2026[[#This Row],[qtd_contas_com_deposito]])+IF((Rel_2026[[#This Row],[qtd_contas]]-Rel_2026[[#This Row],[qtd_contas_com_deposito]])>0,(Rel_2026[[#This Row],[qtd_contas]]-Rel_2026[[#This Row],[qtd_contas_com_deposito]])*3)+IF(Rel_2026[[#This Row],[qtd_cesta_serv]]>0,0*Rel_2026[[#This Row],[qtd_cesta_serv]])+IF(Rel_2026[[#This Row],[QTD_CARTAO_EMITIDO]]>0,0*Rel_2026[[#This Row],[QTD_CARTAO_EMITIDO]])+IF(Rel_2026[[#This Row],[QTD_SUPER_PROTEGIDO]]>0,0*Rel_2026[[#This Row],[QTD_SUPER_PROTEGIDO]])+IF(Rel_2026[[#This Row],[QTD_CONTAS_PJ]]>0,0*Rel_2026[[#This Row],[QTD_CONTAS_PJ]])+IF(Rel_2026[[#This Row],[QTD_MICRO_VIVAVIDA]]>0,1*Rel_2026[[#This Row],[QTD_MICRO_VIVAVIDA]])+IF(Rel_2026[[#This Row],[qtd_microsseguro]]>0,1*Rel_2026[[#This Row],[qtd_microsseguro]])+IF(Rel_2026[[#This Row],[QTD_SEG_RESIDENCIAL]]>0,1*Rel_2026[[#This Row],[QTD_SEG_RESIDENCIAL]])+IF(Rel_2026[[#This Row],[QTD_PLANO_ODONTO]]>0,1*Rel_2026[[#This Row],[QTD_PLANO_ODONTO]])+IF(Rel_2026[[#This Row],[vlr_lime]]>0,1*ROUND(Rel_2026[[#This Row],[vlr_lime]]/100,0))+ROUND(IF(Rel_2026[[#This Row],[VLR_CREDITO_PARCEL]]>500,1*Rel_2026[[#This Row],[VLR_CREDITO_PARCEL]]/500),0)+ROUND(Rel_2026[[#This Row],[vlr_consignado_total]]/1000,0)+ROUND(Rel_2026[[#This Row],[VLR_EXP_SORTE]]/50,0) -> 0 | AM8: =SUM(Rel_2026[[#This Row],[qtd_TrxContabil]:[VLR_EXP_SORTE]]) -> 318 | AN8: =IF(Rel_2026[[#This Row],[qtd_contas_com_deposito]]>0,7*Rel_2026[[#This Row],[qtd_contas_com_deposito]])+IF((Rel_2026[[#This Row],[qtd_contas]]-Rel_2026[[#This Row],[qtd_contas_com_deposito]])>0,(Rel_2026[[#This Row],[qtd_contas]]-Rel_2026[[#This Row],[qtd_contas_com_deposito]])*3)+IF(Rel_2026[[#This Row],[qtd_cesta_serv]]>0,3*Rel_2026[[#This Row],[qtd_cesta_serv]])+IF(Rel_2026[[#This Row],[QTD_CARTAO_EMITIDO]]>0,0*Rel_2026[[#This Row],[QTD_CARTAO_EMITIDO]])+IF(Rel_2026[[#This Row],[QTD_SUPER_PROTEGIDO]]>0,0*Rel_2026[[#This Row],[QTD_SUPER_PROTEGIDO]])+IF(Rel_2026[[#This Row],[QTD_CONTAS_PJ]]>0,0*Rel_2026[[#This Row],[QTD_CONTAS_PJ]])+IF(Rel_2026[[#This Row],[QTD_MICRO_VIVAVIDA]]>0,1*Rel_2026[[#This Row],[QTD_MICRO_VIVAVIDA]])+IF(Rel_2026[[#This Row],[qtd_microsseguro]]>0,1*Rel_2026[[#This Row],[qtd_microsseguro]])+IF(Rel_2026[[#This Row],[QTD_SEG_RESIDENCIAL]]>0,1*Rel_2026[[#This Row],[QTD_SEG_RESIDENCIAL]])+IF(Rel_2026[[#This Row],[QTD_PLANO_ODONTO]]>0,1*Rel_2026[[#This Row],[QTD_PLANO_ODONTO]])+IF(Rel_2026[[#This Row],[vlr_lime]]>0,1*ROUND(Rel_2026[[#This Row],[vlr_lime]]/100,0))+ROUND(IF(Rel_2026[[#This Row],[VLR_CREDITO_PARCEL]]>500,1*Rel_2026[[#This Row],[VLR_CREDITO_PARCEL]]/500),0)+ROUND(Rel_2026[[#This Row],[vlr_consignado_total]]/1000,0)+ROUND(Rel_2026[[#This Row],[VLR_EXP_SORTE]]/50,0) -> 0
A9: =IF(Rel_2026[[#This Row],[Zero]]=0,"Zero",IF(Rel_2026[[#This Row],[Pontuação]]>=10,"Sim",IF(Rel_2026[[#This Row],[Pontuação]]>=5,"Próximo","Não"))) -> Zero | B9: =IF(Rel_2026[[#This Row],[Zero]]=0,"Zero",IF(Rel_2026[[#This Row],[Pontuação2]]>=10,"Sim",IF(Rel_2026[[#This Row],[Pontuação2]]>=5,"Próximo","Não"))) -> Zero | C9: =IFERROR(VLOOKUP(Rel_2026[[#This Row],[chave_loja]],Responsavel!A:B,2,FALSE),"EUCLIDES") -> ALEX SIQUEIRA | D9: =LEFT(Rel_2026[[#This Row],[ag_pacb]],4) -> 0752 | E9: 415561 | F9: Posto De Medicamentos Sao Lucas | G9: 0752/139 | H9: 45880 | I9: CE | J9: UBAJARA | K9: 45875 | L9: 45890 | M9: TERESINA | N9: 46104 | O9: 0 | P9: 0 | Q9: 0 | R9: 0 | S9: 0 | T9: 0 | U9: 0 | V9: 0 | W9: 0 | X9: 0 | Y9: 0 | Z9: 0 | AA9: 0 | AB9: 0 | AC9: 0 | AD9: 0 | AE9: 0 | AF9: 0 | AG9: 0 | AH9: Nao | AI9: Bloqueado | AJ9: 46199 | AK9: TREINADO | AL9: =IF(Rel_2026[[#This Row],[qtd_contas_com_deposito]]>0,7*Rel_2026[[#This Row],[qtd_contas_com_deposito]])+IF((Rel_2026[[#This Row],[qtd_contas]]-Rel_2026[[#This Row],[qtd_contas_com_deposito]])>0,(Rel_2026[[#This Row],[qtd_contas]]-Rel_2026[[#This Row],[qtd_contas_com_deposito]])*3)+IF(Rel_2026[[#This Row],[qtd_cesta_serv]]>0,0*Rel_2026[[#This Row],[qtd_cesta_serv]])+IF(Rel_2026[[#This Row],[QTD_CARTAO_EMITIDO]]>0,0*Rel_2026[[#This Row],[QTD_CARTAO_EMITIDO]])+IF(Rel_2026[[#This Row],[QTD_SUPER_PROTEGIDO]]>0,0*Rel_2026[[#This Row],[QTD_SUPER_PROTEGIDO]])+IF(Rel_2026[[#This Row],[QTD_CONTAS_PJ]]>0,0*Rel_2026[[#This Row],[QTD_CONTAS_PJ]])+IF(Rel_2026[[#This Row],[QTD_MICRO_VIVAVIDA]]>0,1*Rel_2026[[#This Row],[QTD_MICRO_VIVAVIDA]])+IF(Rel_2026[[#This Row],[qtd_microsseguro]]>0,1*Rel_2026[[#This Row],[qtd_microsseguro]])+IF(Rel_2026[[#This Row],[QTD_SEG_RESIDENCIAL]]>0,1*Rel_2026[[#This Row],[QTD_SEG_RESIDENCIAL]])+IF(Rel_2026[[#This Row],[QTD_PLANO_ODONTO]]>0,1*Rel_2026[[#This Row],[QTD_PLANO_ODONTO]])+IF(Rel_2026[[#This Row],[vlr_lime]]>0,1*ROUND(Rel_2026[[#This Row],[vlr_lime]]/100,0))+ROUND(IF(Rel_2026[[#This Row],[VLR_CREDITO_PARCEL]]>500,1*Rel_2026[[#This Row],[VLR_CREDITO_PARCEL]]/500),0)+ROUND(Rel_2026[[#This Row],[vlr_consignado_total]]/1000,0)+ROUND(Rel_2026[[#This Row],[VLR_EXP_SORTE]]/50,0) -> 0 | AM9: =SUM(Rel_2026[[#This Row],[qtd_TrxContabil]:[VLR_EXP_SORTE]]) -> 0 | AN9: =IF(Rel_2026[[#This Row],[qtd_contas_com_deposito]]>0,7*Rel_2026[[#This Row],[qtd_contas_com_deposito]])+IF((Rel_2026[[#This Row],[qtd_contas]]-Rel_2026[[#This Row],[qtd_contas_com_deposito]])>0,(Rel_2026[[#This Row],[qtd_contas]]-Rel_2026[[#This Row],[qtd_contas_com_deposito]])*3)+IF(Rel_2026[[#This Row],[qtd_cesta_serv]]>0,3*Rel_2026[[#This Row],[qtd_cesta_serv]])+IF(Rel_2026[[#This Row],[QTD_CARTAO_EMITIDO]]>0,0*Rel_2026[[#This Row],[QTD_CARTAO_EMITIDO]])+IF(Rel_2026[[#This Row],[QTD_SUPER_PROTEGIDO]]>0,0*Rel_2026[[#This Row],[QTD_SUPER_PROTEGIDO]])+IF(Rel_2026[[#This Row],[QTD_CONTAS_PJ]]>0,0*Rel_2026[[#This Row],[QTD_CONTAS_PJ]])+IF(Rel_2026[[#This Row],[QTD_MICRO_VIVAVIDA]]>0,1*Rel_2026[[#This Row],[QTD_MICRO_VIVAVIDA]])+IF(Rel_2026[[#This Row],[qtd_microsseguro]]>0,1*Rel_2026[[#This Row],[qtd_microsseguro]])+IF(Rel_2026[[#This Row],[QTD_SEG_RESIDENCIAL]]>0,1*Rel_2026[[#This Row],[QTD_SEG_RESIDENCIAL]])+IF(Rel_2026[[#This Row],[QTD_PLANO_ODONTO]]>0,1*Rel_2026[[#This Row],[QTD_PLANO_ODONTO]])+IF(Rel_2026[[#This Row],[vlr_lime]]>0,1*ROUND(Rel_2026[[#This Row],[vlr_lime]]/100,0))+ROUND(IF(Rel_2026[[#This Row],[VLR_CREDITO_PARCEL]]>500,1*Rel_2026[[#This Row],[VLR_CREDITO_PARCEL]]/500),0)+ROUND(Rel_2026[[#This Row],[vlr_consignado_total]]/1000,0)+ROUND(Rel_2026[[#This Row],[VLR_EXP_SORTE]]/50,0) -> 0
A10: =IF(Rel_2026[[#This Row],[Zero]]=0,"Zero",IF(Rel_2026[[#This Row],[Pontuação]]>=10,"Sim",IF(Rel_2026[[#This Row],[Pontuação]]>=5,"Próximo","Não"))) -> Sim | B10: =IF(Rel_2026[[#This Row],[Zero]]=0,"Zero",IF(Rel_2026[[#This Row],[Pontuação2]]>=10,"Sim",IF(Rel_2026[[#This Row],[Pontuação2]]>=5,"Próximo","Não"))) -> Sim | C10: =IFERROR(VLOOKUP(Rel_2026[[#This Row],[chave_loja]],Responsavel!A:B,2,FALSE),"EUCLIDES") -> ROSSY | D10: =LEFT(Rel_2026[[#This Row],[ag_pacb]],4) -> 5792 | E10: 153607 | F10: DROGARIA PAGUE BEM | G10: 5792/120 | H10: 45127 | I10: PI | J10: CABECEIRAS DO PIAUI | K10: 42636 | L10: 46156 | M10: TERESINA | N10: 46254 | O10: 795 | P10: 3 | Q10: 0 | R10: 3 | S10: 0 | T10: 0 | U10: 0 | V10: 0 | W10: 0 | X10: 0 | Y10: 0 | Z10: 0 | AA10: 1 | AB10: 0 | AC10: 0 | AD10: 0 | AE10: 0 | AF10: 2 | AG10: 0 | AH10: Sim | AI10: Desbloqueado | AK10: TREINADO | AL10: =IF(Rel_2026[[#This Row],[qtd_contas_com_deposito]]>0,7*Rel_2026[[#This Row],[qtd_contas_com_deposito]])+IF((Rel_2026[[#This Row],[qtd_contas]]-Rel_2026[[#This Row],[qtd_contas_com_deposito]])>0,(Rel_2026[[#This Row],[qtd_contas]]-Rel_2026[[#This Row],[qtd_contas_com_deposito]])*3)+IF(Rel_2026[[#This Row],[qtd_cesta_serv]]>0,0*Rel_2026[[#This Row],[qtd_cesta_serv]])+IF(Rel_2026[[#This Row],[QTD_CARTAO_EMITIDO]]>0,0*Rel_2026[[#This Row],[QTD_CARTAO_EMITIDO]])+IF(Rel_2026[[#This Row],[QTD_SUPER_PROTEGIDO]]>0,0*Rel_2026[[#This Row],[QTD_SUPER_PROTEGIDO]])+IF(Rel_2026[[#This Row],[QTD_CONTAS_PJ]]>0,0*Rel_2026[[#This Row],[QTD_CONTAS_PJ]])+IF(Rel_2026[[#This Row],[QTD_MICRO_VIVAVIDA]]>0,1*Rel_2026[[#This Row],[QTD_MICRO_VIVAVIDA]])+IF(Rel_2026[[#This Row],[qtd_microsseguro]]>0,1*Rel_2026[[#This Row],[qtd_microsseguro]])+IF(Rel_2026[[#This Row],[QTD_SEG_RESIDENCIAL]]>0,1*Rel_2026[[#This Row],[QTD_SEG_RESIDENCIAL]])+IF(Rel_2026[[#This Row],[QTD_PLANO_ODONTO]]>0,1*Rel_2026[[#This Row],[QTD_PLANO_ODONTO]])+IF(Rel_2026[[#This Row],[vlr_lime]]>0,1*ROUND(Rel_2026[[#This Row],[vlr_lime]]/100,0))+ROUND(IF(Rel_2026[[#This Row],[VLR_CREDITO_PARCEL]]>500,1*Rel_2026[[#This Row],[VLR_CREDITO_PARCEL]]/500),0)+ROUND(Rel_2026[[#This Row],[vlr_consignado_total]]/1000,0)+ROUND(Rel_2026[[#This Row],[VLR_EXP_SORTE]]/50,0) -> 10 | AM10: =SUM(Rel_2026[[#This Row],[qtd_TrxContabil]:[VLR_EXP_SORTE]]) -> 804 | AN10: =IF(Rel_2026[[#This Row],[qtd_contas_com_deposito]]>0,7*Rel_2026[[#This Row],[qtd_contas_com_deposito]])+IF((Rel_2026[[#This Row],[qtd_contas]]-Rel_2026[[#This Row],[qtd_contas_com_deposito]])>0,(Rel_2026[[#This Row],[qtd_contas]]-Rel_2026[[#This Row],[qtd_contas_com_deposito]])*3)+IF(Rel_2026[[#This Row],[qtd_cesta_serv]]>0,3*Rel_2026[[#This Row],[qtd_cesta_serv]])+IF(Rel_2026[[#This Row],[QTD_CARTAO_EMITIDO]]>0,0*Rel_2026[[#This Row],[QTD_CARTAO_EMITIDO]])+IF(Rel_2026[[#This Row],[QTD_SUPER_PROTEGIDO]]>0,0*Rel_2026[[#This Row],[QTD_SUPER_PROTEGIDO]])+IF(Rel_2026[[#This Row],[QTD_CONTAS_PJ]]>0,0*Rel_2026[[#This Row],[QTD_CONTAS_PJ]])+IF(Rel_2026[[#This Row],[QTD_MICRO_VIVAVIDA]]>0,1*Rel_2026[[#This Row],[QTD_MICRO_VIVAVIDA]])+IF(Rel_2026[[#This Row],[qtd_microsseguro]]>0,1*Rel_2026[[#This Row],[qtd_microsseguro]])+IF(Rel_2026[[#This Row],[QTD_SEG_RESIDENCIAL]]>0,1*Rel_2026[[#This Row],[QTD_SEG_RESIDENCIAL]])+IF(Rel_2026[[#This Row],[QTD_PLANO_ODONTO]]>0,1*Rel_2026[[#This Row],[QTD_PLANO_ODONTO]])+IF(Rel_2026[[#This Row],[vlr_lime]]>0,1*ROUND(Rel_2026[[#This Row],[vlr_lime]]/100,0))+ROUND(IF(Rel_2026[[#This Row],[VLR_CREDITO_PARCEL]]>500,1*Rel_2026[[#This Row],[VLR_CREDITO_PARCEL]]/500),0)+ROUND(Rel_2026[[#This Row],[vlr_consignado_total]]/1000,0)+ROUND(Rel_2026[[#This Row],[VLR_EXP_SORTE]]/50,0) -> 19
A11: =IF(Rel_2026[[#This Row],[Zero]]=0,"Zero",IF(Rel_2026[[#This Row],[Pontuação]]>=10,"Sim",IF(Rel_2026[[#This Row],[Pontuação]]>=5,"Próximo","Não"))) -> Não | B11: =IF(Rel_2026[[#This Row],[Zero]]=0,"Zero",IF(Rel_2026[[#This Row],[Pontuação2]]>=10,"Sim",IF(Rel_2026[[#This Row],[Pontuação2]]>=5,"Próximo","Não"))) -> Não | C11: =IFERROR(VLOOKUP(Rel_2026[[#This Row],[chave_loja]],Responsavel!A:B,2,FALSE),"EUCLIDES") -> DARIO | D11: =LEFT(Rel_2026[[#This Row],[ag_pacb]],4) -> 1781 | E11: 221909 | F11: NOSSO ATACAREJO LIMOEIRO | G11: 1781/132 | H11: 45107 | I11: CE | J11: LIMOEIRO DO NORTE | K11: 45306 | L11: 45175 | M11: FORTALEZA LESTE | N11: 46254 | O11: 1709 | P11: 0 | Q11: 0 | R11: 0 | S11: 0 | T11: 0 | U11: 0 | V11: 0 | W11: 0 | X11: 0 | Y11: 0 | Z11: 0 | AA11: 0 | AB11: 0 | AC11: 0 | AD11: 0 | AE11: 0 | AF11: 0 | AG11: 0 | AH11: Sim | AI11: Desbloqueado | AK11: TREINADO | AL11: =IF(Rel_2026[[#This Row],[qtd_contas_com_deposito]]>0,7*Rel_2026[[#This Row],[qtd_contas_com_deposito]])+IF((Rel_2026[[#This Row],[qtd_contas]]-Rel_2026[[#This Row],[qtd_contas_com_deposito]])>0,(Rel_2026[[#This Row],[qtd_contas]]-Rel_2026[[#This Row],[qtd_contas_com_deposito]])*3)+IF(Rel_2026[[#This Row],[qtd_cesta_serv]]>0,0*Rel_2026[[#This Row],[qtd_cesta_serv]])+IF(Rel_2026[[#This Row],[QTD_CARTAO_EMITIDO]]>0,0*Rel_2026[[#This Row],[QTD_CARTAO_EMITIDO]])+IF(Rel_2026[[#This Row],[QTD_SUPER_PROTEGIDO]]>0,0*Rel_2026[[#This Row],[QTD_SUPER_PROTEGIDO]])+IF(Rel_2026[[#This Row],[QTD_CONTAS_PJ]]>0,0*Rel_2026[[#This Row],[QTD_CONTAS_PJ]])+IF(Rel_2026[[#This Row],[QTD_MICRO_VIVAVIDA]]>0,1*Rel_2026[[#This Row],[QTD_MICRO_VIVAVIDA]])+IF(Rel_2026[[#This Row],[qtd_microsseguro]]>0,1*Rel_2026[[#This Row],[qtd_microsseguro]])+IF(Rel_2026[[#This Row],[QTD_SEG_RESIDENCIAL]]>0,1*Rel_2026[[#This Row],[QTD_SEG_RESIDENCIAL]])+IF(Rel_2026[[#This Row],[QTD_PLANO_ODONTO]]>0,1*Rel_2026[[#This Row],[QTD_PLANO_ODONTO]])+IF(Rel_2026[[#This Row],[vlr_lime]]>0,1*ROUND(Rel_2026[[#This Row],[vlr_lime]]/100,0))+ROUND(IF(Rel_2026[[#This Row],[VLR_CREDITO_PARCEL]]>500,1*Rel_2026[[#This Row],[VLR_CREDITO_PARCEL]]/500),0)+ROUND(Rel_2026[[#This Row],[vlr_consignado_total]]/1000,0)+ROUND(Rel_2026[[#This Row],[VLR_EXP_SORTE]]/50,0) -> 0 | AM11: =SUM(Rel_2026[[#This Row],[qtd_TrxContabil]:[VLR_EXP_SORTE]]) -> 1709 | AN11: =IF(Rel_2026[[#This Row],[qtd_contas_com_deposito]]>0,7*Rel_2026[[#This Row],[qtd_contas_com_deposito]])+IF((Rel_2026[[#This Row],[qtd_contas]]-Rel_2026[[#This Row],[qtd_contas_com_deposito]])>0,(Rel_2026[[#This Row],[qtd_contas]]-Rel_2026[[#This Row],[qtd_contas_com_deposito]])*3)+IF(Rel_2026[[#This Row],[qtd_cesta_serv]]>0,3*Rel_2026[[#This Row],[qtd_cesta_serv]])+IF(Rel_2026[[#This Row],[QTD_CARTAO_EMITIDO]]>0,0*Rel_2026[[#This Row],[QTD_CARTAO_EMITIDO]])+IF(Rel_2026[[#This Row],[QTD_SUPER_PROTEGIDO]]>0,0*Rel_2026[[#This Row],[QTD_SUPER_PROTEGIDO]])+IF(Rel_2026[[#This Row],[QTD_CONTAS_PJ]]>0,0*Rel_2026[[#This Row],[QTD_CONTAS_PJ]])+IF(Rel_2026[[#This Row],[QTD_MICRO_VIVAVIDA]]>0,1*Rel_2026[[#This Row],[QTD_MICRO_VIVAVIDA]])+IF(Rel_2026[[#This Row],[qtd_microsseguro]]>0,1*Rel_2026[[#This Row],[qtd_microsseguro]])+IF(Rel_2026[[#This Row],[QTD_SEG_RESIDENCIAL]]>0,1*Rel_2026[[#This Row],[QTD_SEG_RESIDENCIAL]])+IF(Rel_2026[[#This Row],[QTD_PLANO_ODONTO]]>0,1*Rel_2026[[#This Row],[QTD_PLANO_ODONTO]])+IF(Rel_2026[[#This Row],[vlr_lime]]>0,1*ROUND(Rel_2026[[#This Row],[vlr_lime]]/100,0))+ROUND(IF(Rel_2026[[#This Row],[VLR_CREDITO_PARCEL]]>500,1*Rel_2026[[#This Row],[VLR_CREDITO_PARCEL]]/500),0)+ROUND(Rel_2026[[#This Row],[vlr_consignado_total]]/1000,0)+ROUND(Rel_2026[[#This Row],[VLR_EXP_SORTE]]/50,0) -> 0
A12: =IF(Rel_2026[[#This Row],[Zero]]=0,"Zero",IF(Rel_2026[[#This Row],[Pontuação]]>=10,"Sim",IF(Rel_2026[[#This Row],[Pontuação]]>=5,"Próximo","Não"))) -> Não | B12: =IF(Rel_2026[[#This Row],[Zero]]=0,"Zero",IF(Rel_2026[[#This Row],[Pontuação2]]>=10,"Sim",IF(Rel_2026[[#This Row],[Pontuação2]]>=5,"Próximo","Não"))) -> Não | C12: =IFERROR(VLOOKUP(Rel_2026[[#This Row],[chave_loja]],Responsavel!A:B,2,FALSE),"EUCLIDES") -> JUNIOR | D12: =LEFT(Rel_2026[[#This Row],[ag_pacb]],4) -> 0684 | E12: 242211 | F12: MERCADINHO POMPEU | G12: 0684/192 | H12: 45161 | I12: CE | J12: ACARAU | K12: 44951 | L12: 46065 | M12: FORTALEZA OESTE | N12: 46252 | O12: 78 | P12: 0 | Q12: 0 | R12: 0 | S12: 0 | T12: 0 | U12: 0 | V12: 0 | W12: 0 | X12: 0 | Y12: 0 | Z12: 0 | AA12: 0 | AB12: 0 | AC12: 0 | AD12: 0 | AE12: 0 | AF12: 0 | AG12: 0 | AH12: Nao | AI12: Desbloqueado | AK12: TREINADO | AL12: =IF(Rel_2026[[#This Row],[qtd_contas_com_deposito]]>0,7*Rel_2026[[#This Row],[qtd_contas_com_deposito]])+IF((Rel_2026[[#This Row],[qtd_contas]]-Rel_2026[[#This Row],[qtd_contas_com_deposito]])>0,(Rel_2026[[#This Row],[qtd_contas]]-Rel_2026[[#This Row],[qtd_contas_com_deposito]])*3)+IF(Rel_2026[[#This Row],[qtd_cesta_serv]]>0,0*Rel_2026[[#This Row],[qtd_cesta_serv]])+IF(Rel_2026[[#This Row],[QTD_CARTAO_EMITIDO]]>0,0*Rel_2026[[#This Row],[QTD_CARTAO_EMITIDO]])+IF(Rel_2026[[#This Row],[QTD_SUPER_PROTEGIDO]]>0,0*Rel_2026[[#This Row],[QTD_SUPER_PROTEGIDO]])+IF(Rel_2026[[#This Row],[QTD_CONTAS_PJ]]>0,0*Rel_2026[[#This Row],[QTD_CONTAS_PJ]])+IF(Rel_2026[[#This Row],[QTD_MICRO_VIVAVIDA]]>0,1*Rel_2026[[#This Row],[QTD_MICRO_VIVAVIDA]])+IF(Rel_2026[[#This Row],[qtd_microsseguro]]>0,1*Rel_2026[[#This Row],[qtd_microsseguro]])+IF(Rel_2026[[#This Row],[QTD_SEG_RESIDENCIAL]]>0,1*Rel_2026[[#This Row],[QTD_SEG_RESIDENCIAL]])+IF(Rel_2026[[#This Row],[QTD_PLANO_ODONTO]]>0,1*Rel_2026[[#This Row],[QTD_PLANO_ODONTO]])+IF(Rel_2026[[#This Row],[vlr_lime]]>0,1*ROUND(Rel_2026[[#This Row],[vlr_lime]]/100,0))+ROUND(IF(Rel_2026[[#This Row],[VLR_CREDITO_PARCEL]]>500,1*Rel_2026[[#This Row],[VLR_CREDITO_PARCEL]]/500),0)+ROUND(Rel_2026[[#This Row],[vlr_consignado_total]]/1000,0)+ROUND(Rel_2026[[#This Row],[VLR_EXP_SORTE]]/50,0) -> 0 | AM12: =SUM(Rel_2026[[#This Row],[qtd_TrxContabil]:[VLR_EXP_SORTE]]) -> 78 | AN12: =IF(Rel_2026[[#This Row],[qtd_contas_com_deposito]]>0,7*Rel_2026[[#This Row],[qtd_contas_com_deposito]])+IF((Rel_2026[[#This Row],[qtd_contas]]-Rel_2026[[#This Row],[qtd_contas_com_deposito]])>0,(Rel_2026[[#This Row],[qtd_contas]]-Rel_2026[[#This Row],[qtd_contas_com_deposito]])*3)+IF(Rel_2026[[#This Row],[qtd_cesta_serv]]>0,3*Rel_2026[[#This Row],[qtd_cesta_serv]])+IF(Rel_2026[[#This Row],[QTD_CARTAO_EMITIDO]]>0,0*Rel_2026[[#This Row],[QTD_CARTAO_EMITIDO]])+IF(Rel_2026[[#This Row],[QTD_SUPER_PROTEGIDO]]>0,0*Rel_2026[[#This Row],[QTD_SUPER_PROTEGIDO]])+IF(Rel_2026[[#This Row],[QTD_CONTAS_PJ]]>0,0*Rel_2026[[#This Row],[QTD_CONTAS_PJ]])+IF(Rel_2026[[#This Row],[QTD_MICRO_VIVAVIDA]]>0,1*Rel_2026[[#This Row],[QTD_MICRO_VIVAVIDA]])+IF(Rel_2026[[#This Row],[qtd_microsseguro]]>0,1*Rel_2026[[#This Row],[qtd_microsseguro]])+IF(Rel_2026[[#This Row],[QTD_SEG_RESIDENCIAL]]>0,1*Rel_2026[[#This Row],[QTD_SEG_RESIDENCIAL]])+IF(Rel_2026[[#This Row],[QTD_PLANO_ODONTO]]>0,1*Rel_2026[[#This Row],[QTD_PLANO_ODONTO]])+IF(Rel_2026[[#This Row],[vlr_lime]]>0,1*ROUND(Rel_2026[[#This Row],[vlr_lime]]/100,0))+ROUND(IF(Rel_2026[[#This Row],[VLR_CREDITO_PARCEL]]>500,1*Rel_2026[[#This Row],[VLR_CREDITO_PARCEL]]/500),0)+ROUND(Rel_2026[[#This Row],[vlr_consignado_total]]/1000,0)+ROUND(Rel_2026[[#This Row],[VLR_EXP_SORTE]]/50,0) -> 0
A13: =IF(Rel_2026[[#This Row],[Zero]]=0,"Zero",IF(Rel_2026[[#This Row],[Pontuação]]>=10,"Sim",IF(Rel_2026[[#This Row],[Pontuação]]>=5,"Próximo","Não"))) -> Sim | B13: =IF(Rel_2026[[#This Row],[Zero]]=0,"Zero",IF(Rel_2026[[#This Row],[Pontuação2]]>=10,"Sim",IF(Rel_2026[[#This Row],[Pontuação2]]>=5,"Próximo","Não"))) -> Sim | C13: =IFERROR(VLOOKUP(Rel_2026[[#This Row],[chave_loja]],Responsavel!A:B,2,FALSE),"EUCLIDES") -> JACK | D13: =LEFT(Rel_2026[[#This Row],[ag_pacb]],4) -> 0985 | E13: 424682 | F13: MERCEARIA CASA DO OVO | G13: 0985/455 | H13: 46185 | I13: PI | J13: CAMPO MAIOR | K13: 46182 | L13: 46205 | M13: TERESINA | N13: 46254 | O13: 116 | P13: 4 | Q13: 3 | R13: 4 | S13: 0 | T13: 0 | U13: 0 | V13: 0 | W13: 0 | X13: 0 | Y13: 0 | Z13: 0 | AA13: 0 | AB13: 0 | AC13: 0 | AD13: 0 | AE13: 0 | AF13: 4 | AG13: 0 | AH13: Nao | AI13: Desbloqueado | AK13: TREINADO | AL13: =IF(Rel_2026[[#This Row],[qtd_contas_com_deposito]]>0,7*Rel_2026[[#This Row],[qtd_contas_com_deposito]])+IF((Rel_2026[[#This Row],[qtd_contas]]-Rel_2026[[#This Row],[qtd_contas_com_deposito]])>0,(Rel_2026[[#This Row],[qtd_contas]]-Rel_2026[[#This Row],[qtd_contas_com_deposito]])*3)+IF(Rel_2026[[#This Row],[qtd_cesta_serv]]>0,0*Rel_2026[[#This Row],[qtd_cesta_serv]])+IF(Rel_2026[[#This Row],[QTD_CARTAO_EMITIDO]]>0,0*Rel_2026[[#This Row],[QTD_CARTAO_EMITIDO]])+IF(Rel_2026[[#This Row],[QTD_SUPER_PROTEGIDO]]>0,0*Rel_2026[[#This Row],[QTD_SUPER_PROTEGIDO]])+IF(Rel_2026[[#This Row],[QTD_CONTAS_PJ]]>0,0*Rel_2026[[#This Row],[QTD_CONTAS_PJ]])+IF(Rel_2026[[#This Row],[QTD_MICRO_VIVAVIDA]]>0,1*Rel_2026[[#This Row],[QTD_MICRO_VIVAVIDA]])+IF(Rel_2026[[#This Row],[qtd_microsseguro]]>0,1*Rel_2026[[#This Row],[qtd_microsseguro]])+IF(Rel_2026[[#This Row],[QTD_SEG_RESIDENCIAL]]>0,1*Rel_2026[[#This Row],[QTD_SEG_RESIDENCIAL]])+IF(Rel_2026[[#This Row],[QTD_PLANO_ODONTO]]>0,1*Rel_2026[[#This Row],[QTD_PLANO_ODONTO]])+IF(Rel_2026[[#This Row],[vlr_lime]]>0,1*ROUND(Rel_2026[[#This Row],[vlr_lime]]/100,0))+ROUND(IF(Rel_2026[[#This Row],[VLR_CREDITO_PARCEL]]>500,1*Rel_2026[[#This Row],[VLR_CREDITO_PARCEL]]/500),0)+ROUND(Rel_2026[[#This Row],[vlr_consignado_total]]/1000,0)+ROUND(Rel_2026[[#This Row],[VLR_EXP_SORTE]]/50,0) -> 24 | AM13: =SUM(Rel_2026[[#This Row],[qtd_TrxContabil]:[VLR_EXP_SORTE]]) -> 131 | AN13: =IF(Rel_2026[[#This Row],[qtd_contas_com_deposito]]>0,7*Rel_2026[[#This Row],[qtd_contas_com_deposito]])+IF((Rel_2026[[#This Row],[qtd_contas]]-Rel_2026[[#This Row],[qtd_contas_com_deposito]])>0,(Rel_2026[[#This Row],[qtd_contas]]-Rel_2026[[#This Row],[qtd_contas_com_deposito]])*3)+IF(Rel_2026[[#This Row],[qtd_cesta_serv]]>0,3*Rel_2026[[#This Row],[qtd_cesta_serv]])+IF(Rel_2026[[#This Row],[QTD_CARTAO_EMITIDO]]>0,0*Rel_2026[[#This Row],[QTD_CARTAO_EMITIDO]])+IF(Rel_2026[[#This Row],[QTD_SUPER_PROTEGIDO]]>0,0*Rel_2026[[#This Row],[QTD_SUPER_PROTEGIDO]])+IF(Rel_2026[[#This Row],[QTD_CONTAS_PJ]]>0,0*Rel_2026[[#This Row],[QTD_CONTAS_PJ]])+IF(Rel_2026[[#This Row],[QTD_MICRO_VIVAVIDA]]>0,1*Rel_2026[[#This Row],[QTD_MICRO_VIVAVIDA]])+IF(Rel_2026[[#This Row],[qtd_microsseguro]]>0,1*Rel_2026[[#This Row],[qtd_microsseguro]])+IF(Rel_2026[[#This Row],[QTD_SEG_RESIDENCIAL]]>0,1*Rel_2026[[#This Row],[QTD_SEG_RESIDENCIAL]])+IF(Rel_2026[[#This Row],[QTD_PLANO_ODONTO]]>0,1*Rel_2026[[#This Row],[QTD_PLANO_ODONTO]])+IF(Rel_2026[[#This Row],[vlr_lime]]>0,1*ROUND(Rel_2026[[#This Row],[vlr_lime]]/100,0))+ROUND(IF(Rel_2026[[#This Row],[VLR_CREDITO_PARCEL]]>500,1*Rel_2026[[#This Row],[VLR_CREDITO_PARCEL]]/500),0)+ROUND(Rel_2026[[#This Row],[vlr_consignado_total]]/1000,0)+ROUND(Rel_2026[[#This Row],[VLR_EXP_SORTE]]/50,0) -> 36
A14: =IF(Rel_2026[[#This Row],[Zero]]=0,"Zero",IF(Rel_2026[[#This Row],[Pontuação]]>=10,"Sim",IF(Rel_2026[[#This Row],[Pontuação]]>=5,"Próximo","Não"))) -> Não | B14: =IF(Rel_2026[[#This Row],[Zero]]=0,"Zero",IF(Rel_2026[[#This Row],[Pontuação2]]>=10,"Sim",IF(Rel_2026[[#This Row],[Pontuação2]]>=5,"Próximo","Não"))) -> Não | C14: =IFERROR(VLOOKUP(Rel_2026[[#This Row],[chave_loja]],Responsavel!A:B,2,FALSE),"EUCLIDES") -> ISMAEL | D14: =LEFT(Rel_2026[[#This Row],[ag_pacb]],4) -> 1302 | E14: 150023 | F14: SUPER POVAO 0001 | G14: 1302/119 | H14: 45155 | I14: CE | J14: ITATIRA | K14: 42551 | L14: 46227 | M14: FORTALEZA OESTE | N14: 46254 | O14: 617 | P14: 1 | Q14: 0 | R14: 0 | S14: 0 | T14: 0 | U14: 0 | V14: 0 | W14: 0 | X14: 0 | Y14: 0 | Z14: 0 | AA14: 0 | AB14: 0 | AC14: 0 | AD14: 0 | AE14: 0 | AF14: 1 | AG14: 0 | AH14: Nao | AI14: Desbloqueado | AK14: TREINADO | AL14: =IF(Rel_2026[[#This Row],[qtd_contas_com_deposito]]>0,7*Rel_2026[[#This Row],[qtd_contas_com_deposito]])+IF((Rel_2026[[#This Row],[qtd_contas]]-Rel_2026[[#This Row],[qtd_contas_com_deposito]])>0,(Rel_2026[[#This Row],[qtd_contas]]-Rel_2026[[#This Row],[qtd_contas_com_deposito]])*3)+IF(Rel_2026[[#This Row],[qtd_cesta_serv]]>0,0*Rel_2026[[#This Row],[qtd_cesta_serv]])+IF(Rel_2026[[#This Row],[QTD_CARTAO_EMITIDO]]>0,0*Rel_2026[[#This Row],[QTD_CARTAO_EMITIDO]])+IF(Rel_2026[[#This Row],[QTD_SUPER_PROTEGIDO]]>0,0*Rel_2026[[#This Row],[QTD_SUPER_PROTEGIDO]])+IF(Rel_2026[[#This Row],[QTD_CONTAS_PJ]]>0,0*Rel_2026[[#This Row],[QTD_CONTAS_PJ]])+IF(Rel_2026[[#This Row],[QTD_MICRO_VIVAVIDA]]>0,1*Rel_2026[[#This Row],[QTD_MICRO_VIVAVIDA]])+IF(Rel_2026[[#This Row],[qtd_microsseguro]]>0,1*Rel_2026[[#This Row],[qtd_microsseguro]])+IF(Rel_2026[[#This Row],[QTD_SEG_RESIDENCIAL]]>0,1*Rel_2026[[#This Row],[QTD_SEG_RESIDENCIAL]])+IF(Rel_2026[[#This Row],[QTD_PLANO_ODONTO]]>0,1*Rel_2026[[#This Row],[QTD_PLANO_ODONTO]])+IF(Rel_2026[[#This Row],[vlr_lime]]>0,1*ROUND(Rel_2026[[#This Row],[vlr_lime]]/100,0))+ROUND(IF(Rel_2026[[#This Row],[VLR_CREDITO_PARCEL]]>500,1*Rel_2026[[#This Row],[VLR_CREDITO_PARCEL]]/500),0)+ROUND(Rel_2026[[#This Row],[vlr_consignado_total]]/1000,0)+ROUND(Rel_2026[[#This Row],[VLR_EXP_SORTE]]/50,0) -> 3 | AM14: =SUM(Rel_2026[[#This Row],[qtd_TrxContabil]:[VLR_EXP_SORTE]]) -> 619 | AN14: =IF(Rel_2026[[#This Row],[qtd_contas_com_deposito]]>0,7*Rel_2026[[#This Row],[qtd_contas_com_deposito]])+IF((Rel_2026[[#This Row],[qtd_contas]]-Rel_2026[[#This Row],[qtd_contas_com_deposito]])>0,(Rel_2026[[#This Row],[qtd_contas]]-Rel_2026[[#This Row],[qtd_contas_com_deposito]])*3)+IF(Rel_2026[[#This Row],[qtd_cesta_serv]]>0,3*Rel_2026[[#This Row],[qtd_cesta_serv]])+IF(Rel_2026[[#This Row],[QTD_CARTAO_EMITIDO]]>0,0*Rel_2026[[#This Row],[QTD_CARTAO_EMITIDO]])+IF(Rel_2026[[#This Row],[QTD_SUPER_PROTEGIDO]]>0,0*Rel_2026[[#This Row],[QTD_SUPER_PROTEGIDO]])+IF(Rel_2026[[#This Row],[QTD_CONTAS_PJ]]>0,0*Rel_2026[[#This Row],[QTD_CONTAS_PJ]])+IF(Rel_2026[[#This Row],[QTD_MICRO_VIVAVIDA]]>0,1*Rel_2026[[#This Row],[QTD_MICRO_VIVAVIDA]])+IF(Rel_2026[[#This Row],[qtd_microsseguro]]>0,1*Rel_2026[[#This Row],[qtd_microsseguro]])+IF(Rel_2026[[#This Row],[QTD_SEG_RESIDENCIAL]]>0,1*Rel_2026[[#This Row],[QTD_SEG_RESIDENCIAL]])+IF(Rel_2026[[#This Row],[QTD_PLANO_ODONTO]]>0,1*Rel_2026[[#This Row],[QTD_PLANO_ODONTO]])+IF(Rel_2026[[#This Row],[vlr_lime]]>0,1*ROUND(Rel_2026[[#This Row],[vlr_lime]]/100,0))+ROUND(IF(Rel_2026[[#This Row],[VLR_CREDITO_PARCEL]]>500,1*Rel_2026[[#This Row],[VLR_CREDITO_PARCEL]]/500),0)+ROUND(Rel_2026[[#This Row],[vlr_consignado_total]]/1000,0)+ROUND(Rel_2026[[#This Row],[VLR_EXP_SORTE]]/50,0) -> 3
A15: =IF(Rel_2026[[#This Row],[Zero]]=0,"Zero",IF(Rel_2026[[#This Row],[Pontuação]]>=10,"Sim",IF(Rel_2026[[#This Row],[Pontuação]]>=5,"Próximo","Não"))) -> Não | B15: =IF(Rel_2026[[#This Row],[Zero]]=0,"Zero",IF(Rel_2026[[#This Row],[Pontuação2]]>=10,"Sim",IF(Rel_2026[[#This Row],[Pontuação2]]>=5,"Próximo","Não"))) -> Não | C15: =IFERROR(VLOOKUP(Rel_2026[[#This Row],[chave_loja]],Responsavel!A:B,2,FALSE),"EUCLIDES") -> NYCOLLAS | D15: =LEFT(Rel_2026[[#This Row],[ag_pacb]],4) -> 0719 | E15: 201292 | F15: BOMBONIERE RENAN E MYLA | G15: 0719/140 | H15: 44365 | I15: CE | J15: IRAUCUBA | K15: 44469 | L15: 45911 | M15: FORTALEZA OESTE | N15: 46254 | O15: 587 | P15: 0 | Q15: 0 | R15: 0 | S15: 0 | T15: 0 | U15: 0 | V15: 0 | W15: 0 | X15: 0 | Y15: 0 | Z15: 0 | AA15: 0 | AB15: 0 | AC15: 0 | AD15: 0 | AE15: 0 | AF15: 0 | AG15: 0 | AH15: Sim | AI15: Desbloqueado | AK15: TREINADO | AL15: =IF(Rel_2026[[#This Row],[qtd_contas_com_deposito]]>0,7*Rel_2026[[#This Row],[qtd_contas_com_deposito]])+IF((Rel_2026[[#This Row],[qtd_contas]]-Rel_2026[[#This Row],[qtd_contas_com_deposito]])>0,(Rel_2026[[#This Row],[qtd_contas]]-Rel_2026[[#This Row],[qtd_contas_com_deposito]])*3)+IF(Rel_2026[[#This Row],[qtd_cesta_serv]]>0,0*Rel_2026[[#This Row],[qtd_cesta_serv]])+IF(Rel_2026[[#This Row],[QTD_CARTAO_EMITIDO]]>0,0*Rel_2026[[#This Row],[QTD_CARTAO_EMITIDO]])+IF(Rel_2026[[#This Row],[QTD_SUPER_PROTEGIDO]]>0,0*Rel_2026[[#This Row],[QTD_SUPER_PROTEGIDO]])+IF(Rel_2026[[#This Row],[QTD_CONTAS_PJ]]>0,0*Rel_2026[[#This Row],[QTD_CONTAS_PJ]])+IF(Rel_2026[[#This Row],[QTD_MICRO_VIVAVIDA]]>0,1*Rel_2026[[#This Row],[QTD_MICRO_VIVAVIDA]])+IF(Rel_2026[[#This Row],[qtd_microsseguro]]>0,1*Rel_2026[[#This Row],[qtd_microsseguro]])+IF(Rel_2026[[#This Row],[QTD_SEG_RESIDENCIAL]]>0,1*Rel_2026[[#This Row],[QTD_SEG_RESIDENCIAL]])+IF(Rel_2026[[#This Row],[QTD_PLANO_ODONTO]]>0,1*Rel_2026[[#This Row],[QTD_PLANO_ODONTO]])+IF(Rel_2026[[#This Row],[vlr_lime]]>0,1*ROUND(Rel_2026[[#This Row],[vlr_lime]]/100,0))+ROUND(IF(Rel_2026[[#This Row],[VLR_CREDITO_PARCEL]]>500,1*Rel_2026[[#This Row],[VLR_CREDITO_PARCEL]]/500),0)+ROUND(Rel_2026[[#This Row],[vlr_consignado_total]]/1000,0)+ROUND(Rel_2026[[#This Row],[VLR_EXP_SORTE]]/50,0) -> 0 | AM15: =SUM(Rel_2026[[#This Row],[qtd_TrxContabil]:[VLR_EXP_SORTE]]) -> 587 | AN15: =IF(Rel_2026[[#This Row],[qtd_contas_com_deposito]]>0,7*Rel_2026[[#This Row],[qtd_contas_com_deposito]])+IF((Rel_2026[[#This Row],[qtd_contas]]-Rel_2026[[#This Row],[qtd_contas_com_deposito]])>0,(Rel_2026[[#This Row],[qtd_contas]]-Rel_2026[[#This Row],[qtd_contas_com_deposito]])*3)+IF(Rel_2026[[#This Row],[qtd_cesta_serv]]>0,3*Rel_2026[[#This Row],[qtd_cesta_serv]])+IF(Rel_2026[[#This Row],[QTD_CARTAO_EMITIDO]]>0,0*Rel_2026[[#This Row],[QTD_CARTAO_EMITIDO]])+IF(Rel_2026[[#This Row],[QTD_SUPER_PROTEGIDO]]>0,0*Rel_2026[[#This Row],[QTD_SUPER_PROTEGIDO]])+IF(Rel_2026[[#This Row],[QTD_CONTAS_PJ]]>0,0*Rel_2026[[#This Row],[QTD_CONTAS_PJ]])+IF(Rel_2026[[#This Row],[QTD_MICRO_VIVAVIDA]]>0,1*Rel_2026[[#This Row],[QTD_MICRO_VIVAVIDA]])+IF(Rel_2026[[#This Row],[qtd_microsseguro]]>0,1*Rel_2026[[#This Row],[qtd_microsseguro]])+IF(Rel_2026[[#This Row],[QTD_SEG_RESIDENCIAL]]>0,1*Rel_2026[[#This Row],[QTD_SEG_RESIDENCIAL]])+IF(Rel_2026[[#This Row],[QTD_PLANO_ODONTO]]>0,1*Rel_2026[[#This Row],[QTD_PLANO_ODONTO]])+IF(Rel_2026[[#This Row],[vlr_lime]]>0,1*ROUND(Rel_2026[[#This Row],[vlr_lime]]/100,0))+ROUND(IF(Rel_2026[[#This Row],[VLR_CREDITO_PARCEL]]>500,1*Rel_2026[[#This Row],[VLR_CREDITO_PARCEL]]/500),0)+ROUND(Rel_2026[[#This Row],[vlr_consignado_total]]/1000,0)+ROUND(Rel_2026[[#This Row],[VLR_EXP_SORTE]]/50,0) -> 0
A16: =IF(Rel_2026[[#This Row],[Zero]]=0,"Zero",IF(Rel_2026[[#This Row],[Pontuação]]>=10,"Sim",IF(Rel_2026[[#This Row],[Pontuação]]>=5,"Próximo","Não"))) -> Não | B16: =IF(Rel_2026[[#This Row],[Zero]]=0,"Zero",IF(Rel_2026[[#This Row],[Pontuação2]]>=10,"Sim",IF(Rel_2026[[#This Row],[Pontuação2]]>=5,"Próximo","Não"))) -> Não | C16: =IFERROR(VLOOKUP(Rel_2026[[#This Row],[chave_loja]],Responsavel!A:B,2,FALSE),"EUCLIDES") -> ROSSY | D16: =LEFT(Rel_2026[[#This Row],[ag_pacb]],4) -> 5792 | E16: 403204 | F16: Drogaria Maanaim | G16: 5792/193 | H16: 45450 | I16: PI | J16: BARRAS | K16: 45429 | L16: 45454 | M16: TERESINA | N16: 46254 | O16: 739 | P16: 0 | Q16: 0 | R16: 0 | S16: 0 | T16: 0 | U16: 0 | V16: 0 | W16: 0 | X16: 0 | Y16: 0 | Z16: 0 | AA16: 0 | AB16: 0 | AC16: 0 | AD16: 0 | AE16: 0 | AF16: 0 | AG16: 0 | AH16: Nao | AI16: Desbloqueado | AK16: TREINADO | AL16: =IF(Rel_2026[[#This Row],[qtd_contas_com_deposito]]>0,7*Rel_2026[[#This Row],[qtd_contas_com_deposito]])+IF((Rel_2026[[#This Row],[qtd_contas]]-Rel_2026[[#This Row],[qtd_contas_com_deposito]])>0,(Rel_2026[[#This Row],[qtd_contas]]-Rel_2026[[#This Row],[qtd_contas_com_deposito]])*3)+IF(Rel_2026[[#This Row],[qtd_cesta_serv]]>0,0*Rel_2026[[#This Row],[qtd_cesta_serv]])+IF(Rel_2026[[#This Row],[QTD_CARTAO_EMITIDO]]>0,0*Rel_2026[[#This Row],[QTD_CARTAO_EMITIDO]])+IF(Rel_2026[[#This Row],[QTD_SUPER_PROTEGIDO]]>0,0*Rel_2026[[#This Row],[QTD_SUPER_PROTEGIDO]])+IF(Rel_2026[[#This Row],[QTD_CONTAS_PJ]]>0,0*Rel_2026[[#This Row],[QTD_CONTAS_PJ]])+IF(Rel_2026[[#This Row],[QTD_MICRO_VIVAVIDA]]>0,1*Rel_2026[[#This Row],[QTD_MICRO_VIVAVIDA]])+IF(Rel_2026[[#This Row],[qtd_microsseguro]]>0,1*Rel_2026[[#This Row],[qtd_microsseguro]])+IF(Rel_2026[[#This Row],[QTD_SEG_RESIDENCIAL]]>0,1*Rel_2026[[#This Row],[QTD_SEG_RESIDENCIAL]])+IF(Rel_2026[[#This Row],[QTD_PLANO_ODONTO]]>0,1*Rel_2026[[#This Row],[QTD_PLANO_ODONTO]])+IF(Rel_2026[[#This Row],[vlr_lime]]>0,1*ROUND(Rel_2026[[#This Row],[vlr_lime]]/100,0))+ROUND(IF(Rel_2026[[#This Row],[VLR_CREDITO_PARCEL]]>500,1*Rel_2026[[#This Row],[VLR_CREDITO_PARCEL]]/500),0)+ROUND(Rel_2026[[#This Row],[vlr_consignado_total]]/1000,0)+ROUND(Rel_2026[[#This Row],[VLR_EXP_SORTE]]/50,0) -> 0 | AM16: =SUM(Rel_2026[[#This Row],[qtd_TrxContabil]:[VLR_EXP_SORTE]]) -> 739 | AN16: =IF(Rel_2026[[#This Row],[qtd_contas_com_deposito]]>0,7*Rel_2026[[#This Row],[qtd_contas_com_deposito]])+IF((Rel_2026[[#This Row],[qtd_contas]]-Rel_2026[[#This Row],[qtd_contas_com_deposito]])>0,(Rel_2026[[#This Row],[qtd_contas]]-Rel_2026[[#This Row],[qtd_contas_com_deposito]])*3)+IF(Rel_2026[[#This Row],[qtd_cesta_serv]]>0,3*Rel_2026[[#This Row],[qtd_cesta_serv]])+IF(Rel_2026[[#This Row],[QTD_CARTAO_EMITIDO]]>0,0*Rel_2026[[#This Row],[QTD_CARTAO_EMITIDO]])+IF(Rel_2026[[#This Row],[QTD_SUPER_PROTEGIDO]]>0,0*Rel_2026[[#This Row],[QTD_SUPER_PROTEGIDO]])+IF(Rel_2026[[#This Row],[QTD_CONTAS_PJ]]>0,0*Rel_2026[[#This Row],[QTD_CONTAS_PJ]])+IF(Rel_2026[[#This Row],[QTD_MICRO_VIVAVIDA]]>0,1*Rel_2026[[#This Row],[QTD_MICRO_VIVAVIDA]])+IF(Rel_2026[[#This Row],[qtd_microsseguro]]>0,1*Rel_2026[[#This Row],[qtd_microsseguro]])+IF(Rel_2026[[#This Row],[QTD_SEG_RESIDENCIAL]]>0,1*Rel_2026[[#This Row],[QTD_SEG_RESIDENCIAL]])+IF(Rel_2026[[#This Row],[QTD_PLANO_ODONTO]]>0,1*Rel_2026[[#This Row],[QTD_PLANO_ODONTO]])+IF(Rel_2026[[#This Row],[vlr_lime]]>0,1*ROUND(Rel_2026[[#This Row],[vlr_lime]]/100,0))+ROUND(IF(Rel_2026[[#This Row],[VLR_CREDITO_PARCEL]]>500,1*Rel_2026[[#This Row],[VLR_CREDITO_PARCEL]]/500),0)+ROUND(Rel_2026[[#This Row],[vlr_consignado_total]]/1000,0)+ROUND(Rel_2026[[#This Row],[VLR_EXP_SORTE]]/50,0) -> 0
A17: =IF(Rel_2026[[#This Row],[Zero]]=0,"Zero",IF(Rel_2026[[#This Row],[Pontuação]]>=10,"Sim",IF(Rel_2026[[#This Row],[Pontuação]]>=5,"Próximo","Não"))) -> Não | B17: =IF(Rel_2026[[#This Row],[Zero]]=0,"Zero",IF(Rel_2026[[#This Row],[Pontuação2]]>=10,"Sim",IF(Rel_2026[[#This Row],[Pontuação2]]>=5,"Próximo","Não"))) -> Não | C17: =IFERROR(VLOOKUP(Rel_2026[[#This Row],[chave_loja]],Responsavel!A:B,2,FALSE),"EUCLIDES") -> ISMAEL | D17: =LEFT(Rel_2026[[#This Row],[ag_pacb]],4) -> 0704 | E17: 423957 | F17: Mercadinho Zé Hugo | G17: 0704/191 | H17: 46148 | I17: CE | J17: ARACOIABA | K17: 46146 | L17: 46161 | M17: FORTALEZA LESTE | N17: 46254 | O17: 188 | P17: 0 | Q17: 0 | R17: 0 | S17: 0 | T17: 0 | U17: 0 | V17: 0 | W17: 0 | X17: 0 | Y17: 0 | Z17: 0 | AA17: 0 | AB17: 0 | AC17: 0 | AD17: 0 | AE17: 0 | AF17: 0 | AG17: 40 | AH17: Nao | AI17: Desbloqueado | AK17: TREINADO | AL17: =IF(Rel_2026[[#This Row],[qtd_contas_com_deposito]]>0,7*Rel_2026[[#This Row],[qtd_contas_com_deposito]])+IF((Rel_2026[[#This Row],[qtd_contas]]-Rel_2026[[#This Row],[qtd_contas_com_deposito]])>0,(Rel_2026[[#This Row],[qtd_contas]]-Rel_2026[[#This Row],[qtd_contas_com_deposito]])*3)+IF(Rel_2026[[#This Row],[qtd_cesta_serv]]>0,0*Rel_2026[[#This Row],[qtd_cesta_serv]])+IF(Rel_2026[[#This Row],[QTD_CARTAO_EMITIDO]]>0,0*Rel_2026[[#This Row],[QTD_CARTAO_EMITIDO]])+IF(Rel_2026[[#This Row],[QTD_SUPER_PROTEGIDO]]>0,0*Rel_2026[[#This Row],[QTD_SUPER_PROTEGIDO]])+IF(Rel_2026[[#This Row],[QTD_CONTAS_PJ]]>0,0*Rel_2026[[#This Row],[QTD_CONTAS_PJ]])+IF(Rel_2026[[#This Row],[QTD_MICRO_VIVAVIDA]]>0,1*Rel_2026[[#This Row],[QTD_MICRO_VIVAVIDA]])+IF(Rel_2026[[#This Row],[qtd_microsseguro]]>0,1*Rel_2026[[#This Row],[qtd_microsseguro]])+IF(Rel_2026[[#This Row],[QTD_SEG_RESIDENCIAL]]>0,1*Rel_2026[[#This Row],[QTD_SEG_RESIDENCIAL]])+IF(Rel_2026[[#This Row],[QTD_PLANO_ODONTO]]>0,1*Rel_2026[[#This Row],[QTD_PLANO_ODONTO]])+IF(Rel_2026[[#This Row],[vlr_lime]]>0,1*ROUND(Rel_2026[[#This Row],[vlr_lime]]/100,0))+ROUND(IF(Rel_2026[[#This Row],[VLR_CREDITO_PARCEL]]>500,1*Rel_2026[[#This Row],[VLR_CREDITO_PARCEL]]/500),0)+ROUND(Rel_2026[[#This Row],[vlr_consignado_total]]/1000,0)+ROUND(Rel_2026[[#This Row],[VLR_EXP_SORTE]]/50,0) -> 1 | AM17: =SUM(Rel_2026[[#This Row],[qtd_TrxContabil]:[VLR_EXP_SORTE]]) -> 228 | AN17: =IF(Rel_2026[[#This Row],[qtd_contas_com_deposito]]>0,7*Rel_2026[[#This Row],[qtd_contas_com_deposito]])+IF((Rel_2026[[#This Row],[qtd_contas]]-Rel_2026[[#This Row],[qtd_contas_com_deposito]])>0,(Rel_2026[[#This Row],[qtd_contas]]-Rel_2026[[#This Row],[qtd_contas_com_deposito]])*3)+IF(Rel_2026[[#This Row],[qtd_cesta_serv]]>0,3*Rel_2026[[#This Row],[qtd_cesta_serv]])+IF(Rel_2026[[#This Row],[QTD_CARTAO_EMITIDO]]>0,0*Rel_2026[[#This Row],[QTD_CARTAO_EMITIDO]])+IF(Rel_2026[[#This Row],[QTD_SUPER_PROTEGIDO]]>0,0*Rel_2026[[#This Row],[QTD_SUPER_PROTEGIDO]])+IF(Rel_2026[[#This Row],[QTD_CONTAS_PJ]]>0,0*Rel_2026[[#This Row],[QTD_CONTAS_PJ]])+IF(Rel_2026[[#This Row],[QTD_MICRO_VIVAVIDA]]>0,1*Rel_2026[[#This Row],[QTD_MICRO_VIVAVIDA]])+IF(Rel_2026[[#This Row],[qtd_microsseguro]]>0,1*Rel_2026[[#This Row],[qtd_microsseguro]])+IF(Rel_2026[[#This Row],[QTD_SEG_RESIDENCIAL]]>0,1*Rel_2026[[#This Row],[QTD_SEG_RESIDENCIAL]])+IF(Rel_2026[[#This Row],[QTD_PLANO_ODONTO]]>0,1*Rel_2026[[#This Row],[QTD_PLANO_ODONTO]])+IF(Rel_2026[[#This Row],[vlr_lime]]>0,1*ROUND(Rel_2026[[#This Row],[vlr_lime]]/100,0))+ROUND(IF(Rel_2026[[#This Row],[VLR_CREDITO_PARCEL]]>500,1*Rel_2026[[#This Row],[VLR_CREDITO_PARCEL]]/500),0)+ROUND(Rel_2026[[#This Row],[vlr_consignado_total]]/1000,0)+ROUND(Rel_2026[[#This Row],[VLR_EXP_SORTE]]/50,0) -> 1
A18: =IF(Rel_2026[[#This Row],[Zero]]=0,"Zero",IF(Rel_2026[[#This Row],[Pontuação]]>=10,"Sim",IF(Rel_2026[[#This Row],[Pontuação]]>=5,"Próximo","Não"))) -> Não | B18: =IF(Rel_2026[[#This Row],[Zero]]=0,"Zero",IF(Rel_2026[[#This Row],[Pontuação2]]>=10,"Sim",IF(Rel_2026[[#This Row],[Pontuação2]]>=5,"Próximo","Não"))) -> Não | C18: =IFERROR(VLOOKUP(Rel_2026[[#This Row],[chave_loja]],Responsavel!A:B,2,FALSE),"EUCLIDES") -> EUCLIDES | D18: =LEFT(Rel_2026[[#This Row],[ag_pacb]],4) -> 0677 | E18: 179990 | F18: DROGARIAS PAGUE CERTO MATRIZ | G18: 0677/211 | H18: 46077 | I18: CE | J18: NOVA RUSSAS | K18: 43741 | L18: 43756 | M18: JUAZEIRO DO NORTE | N18: 46254 | O18: 302 | P18: 0 | Q18: 0 | R18: 0 | S18: 0 | T18: 0 | U18: 0 | V18: 0 | W18: 0 | X18: 0 | Y18: 0 | Z18: 0 | AA18: 0 | AB18: 0 | AC18: 0 | AD18: 0 | AE18: 0 | AF18: 0 | AG18: 0 | AH18: Sim | AI18: Desbloqueado | AK18: TREINADO | AL18: =IF(Rel_2026[[#This Row],[qtd_contas_com_deposito]]>0,7*Rel_2026[[#This Row],[qtd_contas_com_deposito]])+IF((Rel_2026[[#This Row],[qtd_contas]]-Rel_2026[[#This Row],[qtd_contas_com_deposito]])>0,(Rel_2026[[#This Row],[qtd_contas]]-Rel_2026[[#This Row],[qtd_contas_com_deposito]])*3)+IF(Rel_2026[[#This Row],[qtd_cesta_serv]]>0,0*Rel_2026[[#This Row],[qtd_cesta_serv]])+IF(Rel_2026[[#This Row],[QTD_CARTAO_EMITIDO]]>0,0*Rel_2026[[#This Row],[QTD_CARTAO_EMITIDO]])+IF(Rel_2026[[#This Row],[QTD_SUPER_PROTEGIDO]]>0,0*Rel_2026[[#This Row],[QTD_SUPER_PROTEGIDO]])+IF(Rel_2026[[#This Row],[QTD_CONTAS_PJ]]>0,0*Rel_2026[[#This Row],[QTD_CONTAS_PJ]])+IF(Rel_2026[[#This Row],[QTD_MICRO_VIVAVIDA]]>0,1*Rel_2026[[#This Row],[QTD_MICRO_VIVAVIDA]])+IF(Rel_2026[[#This Row],[qtd_microsseguro]]>0,1*Rel_2026[[#This Row],[qtd_microsseguro]])+IF(Rel_2026[[#This Row],[QTD_SEG_RESIDENCIAL]]>0,1*Rel_2026[[#This Row],[QTD_SEG_RESIDENCIAL]])+IF(Rel_2026[[#This Row],[QTD_PLANO_ODONTO]]>0,1*Rel_2026[[#This Row],[QTD_PLANO_ODONTO]])+IF(Rel_2026[[#This Row],[vlr_lime]]>0,1*ROUND(Rel_2026[[#This Row],[vlr_lime]]/100,0))+ROUND(IF(Rel_2026[[#This Row],[VLR_CREDITO_PARCEL]]>500,1*Rel_2026[[#This Row],[VLR_CREDITO_PARCEL]]/500),0)+ROUND(Rel_2026[[#This Row],[vlr_consignado_total]]/1000,0)+ROUND(Rel_2026[[#This Row],[VLR_EXP_SORTE]]/50,0) -> 0 | AM18: =SUM(Rel_2026[[#This Row],[qtd_TrxContabil]:[VLR_EXP_SORTE]]) -> 302 | AN18: =IF(Rel_2026[[#This Row],[qtd_contas_com_deposito]]>0,7*Rel_2026[[#This Row],[qtd_contas_com_deposito]])+IF((Rel_2026[[#This Row],[qtd_contas]]-Rel_2026[[#This Row],[qtd_contas_com_deposito]])>0,(Rel_2026[[#This Row],[qtd_contas]]-Rel_2026[[#This Row],[qtd_contas_com_deposito]])*3)+IF(Rel_2026[[#This Row],[qtd_cesta_serv]]>0,3*Rel_2026[[#This Row],[qtd_cesta_serv]])+IF(Rel_2026[[#This Row],[QTD_CARTAO_EMITIDO]]>0,0*Rel_2026[[#This Row],[QTD_CARTAO_EMITIDO]])+IF(Rel_2026[[#This Row],[QTD_SUPER_PROTEGIDO]]>0,0*Rel_2026[[#This Row],[QTD_SUPER_PROTEGIDO]])+IF(Rel_2026[[#This Row],[QTD_CONTAS_PJ]]>0,0*Rel_2026[[#This Row],[QTD_CONTAS_PJ]])+IF(Rel_2026[[#This Row],[QTD_MICRO_VIVAVIDA]]>0,1*Rel_2026[[#This Row],[QTD_MICRO_VIVAVIDA]])+IF(Rel_2026[[#This Row],[qtd_microsseguro]]>0,1*Rel_2026[[#This Row],[qtd_microsseguro]])+IF(Rel_2026[[#This Row],[QTD_SEG_RESIDENCIAL]]>0,1*Rel_2026[[#This Row],[QTD_SEG_RESIDENCIAL]])+IF(Rel_2026[[#This Row],[QTD_PLANO_ODONTO]]>0,1*Rel_2026[[#This Row],[QTD_PLANO_ODONTO]])+IF(Rel_2026[[#This Row],[vlr_lime]]>0,1*ROUND(Rel_2026[[#This Row],[vlr_lime]]/100,0))+ROUND(IF(Rel_2026[[#This Row],[VLR_CREDITO_PARCEL]]>500,1*Rel_2026[[#This Row],[VLR_CREDITO_PARCEL]]/500),0)+ROUND(Rel_2026[[#This Row],[vlr_consignado_total]]/1000,0)+ROUND(Rel_2026[[#This Row],[VLR_EXP_SORTE]]/50,0) -> 0
A19: =IF(Rel_2026[[#This Row],[Zero]]=0,"Zero",IF(Rel_2026[[#This Row],[Pontuação]]>=10,"Sim",IF(Rel_2026[[#This Row],[Pontuação]]>=5,"Próximo","Não"))) -> Não | B19: =IF(Rel_2026[[#This Row],[Zero]]=0,"Zero",IF(Rel_2026[[#This Row],[Pontuação2]]>=10,"Sim",IF(Rel_2026[[#This Row],[Pontuação2]]>=5,"Próximo","Não"))) -> Não | C19: =IFERROR(VLOOKUP(Rel_2026[[#This Row],[chave_loja]],Responsavel!A:B,2,FALSE),"EUCLIDES") -> CÉLIO | D19: =LEFT(Rel_2026[[#This Row],[ag_pacb]],4) -> 0625 | E19: 249255 | F19: MIRELLY SUPERMERCADOS FILIAL 0002 | G19: 0625/133 | H19: 45110 | I19: CE | J19: FORTALEZA | K19: 45306 | L19: 45117 | M19: FORTALEZA OESTE | N19: 46254 | O19: 69 | P19: 0 | Q19: 0 | R19: 0 | S19: 0 | T19: 0 | U19: 0 | V19: 0 | W19: 0 | X19: 0 | Y19: 0 | Z19: 0 | AA19: 0 | AB19: 0 | AC19: 0 | AD19: 0 | AE19: 0 | AF19: 0 | AG19: 0 | AH19: Nao | AI19: Desbloqueado | AK19: TREINADO | AL19: =IF(Rel_2026[[#This Row],[qtd_contas_com_deposito]]>0,7*Rel_2026[[#This Row],[qtd_contas_com_deposito]])+IF((Rel_2026[[#This Row],[qtd_contas]]-Rel_2026[[#This Row],[qtd_contas_com_deposito]])>0,(Rel_2026[[#This Row],[qtd_contas]]-Rel_2026[[#This Row],[qtd_contas_com_deposito]])*3)+IF(Rel_2026[[#This Row],[qtd_cesta_serv]]>0,0*Rel_2026[[#This Row],[qtd_cesta_serv]])+IF(Rel_2026[[#This Row],[QTD_CARTAO_EMITIDO]]>0,0*Rel_2026[[#This Row],[QTD_CARTAO_EMITIDO]])+IF(Rel_2026[[#This Row],[QTD_SUPER_PROTEGIDO]]>0,0*Rel_2026[[#This Row],[QTD_SUPER_PROTEGIDO]])+IF(Rel_2026[[#This Row],[QTD_CONTAS_PJ]]>0,0*Rel_2026[[#This Row],[QTD_CONTAS_PJ]])+IF(Rel_2026[[#This Row],[QTD_MICRO_VIVAVIDA]]>0,1*Rel_2026[[#This Row],[QTD_MICRO_VIVAVIDA]])+IF(Rel_2026[[#This Row],[qtd_microsseguro]]>0,1*Rel_2026[[#This Row],[qtd_microsseguro]])+IF(Rel_2026[[#This Row],[QTD_SEG_RESIDENCIAL]]>0,1*Rel_2026[[#This Row],[QTD_SEG_RESIDENCIAL]])+IF(Rel_2026[[#This Row],[QTD_PLANO_ODONTO]]>0,1*Rel_2026[[#This Row],[QTD_PLANO_ODONTO]])+IF(Rel_2026[[#This Row],[vlr_lime]]>0,1*ROUND(Rel_2026[[#This Row],[vlr_lime]]/100,0))+ROUND(IF(Rel_2026[[#This Row],[VLR_CREDITO_PARCEL]]>500,1*Rel_2026[[#This Row],[VLR_CREDITO_PARCEL]]/500),0)+ROUND(Rel_2026[[#This Row],[vlr_consignado_total]]/1000,0)+ROUND(Rel_2026[[#This Row],[VLR_EXP_SORTE]]/50,0) -> 0 | AM19: =SUM(Rel_2026[[#This Row],[qtd_TrxContabil]:[VLR_EXP_SORTE]]) -> 69 | AN19: =IF(Rel_2026[[#This Row],[qtd_contas_com_deposito]]>0,7*Rel_2026[[#This Row],[qtd_contas_com_deposito]])+IF((Rel_2026[[#This Row],[qtd_contas]]-Rel_2026[[#This Row],[qtd_contas_com_deposito]])>0,(Rel_2026[[#This Row],[qtd_contas]]-Rel_2026[[#This Row],[qtd_contas_com_deposito]])*3)+IF(Rel_2026[[#This Row],[qtd_cesta_serv]]>0,3*Rel_2026[[#This Row],[qtd_cesta_serv]])+IF(Rel_2026[[#This Row],[QTD_CARTAO_EMITIDO]]>0,0*Rel_2026[[#This Row],[QTD_CARTAO_EMITIDO]])+IF(Rel_2026[[#This Row],[QTD_SUPER_PROTEGIDO]]>0,0*Rel_2026[[#This Row],[QTD_SUPER_PROTEGIDO]])+IF(Rel_2026[[#This Row],[QTD_CONTAS_PJ]]>0,0*Rel_2026[[#This Row],[QTD_CONTAS_PJ]])+IF(Rel_2026[[#This Row],[QTD_MICRO_VIVAVIDA]]>0,1*Rel_2026[[#This Row],[QTD_MICRO_VIVAVIDA]])+IF(Rel_2026[[#This Row],[qtd_microsseguro]]>0,1*Rel_2026[[#This Row],[qtd_microsseguro]])+IF(Rel_2026[[#This Row],[QTD_SEG_RESIDENCIAL]]>0,1*Rel_2026[[#This Row],[QTD_SEG_RESIDENCIAL]])+IF(Rel_2026[[#This Row],[QTD_PLANO_ODONTO]]>0,1*Rel_2026[[#This Row],[QTD_PLANO_ODONTO]])+IF(Rel_2026[[#This Row],[vlr_lime]]>0,1*ROUND(Rel_2026[[#This Row],[vlr_lime]]/100,0))+ROUND(IF(Rel_2026[[#This Row],[VLR_CREDITO_PARCEL]]>500,1*Rel_2026[[#This Row],[VLR_CREDITO_PARCEL]]/500),0)+ROUND(Rel_2026[[#This Row],[vlr_consignado_total]]/1000,0)+ROUND(Rel_2026[[#This Row],[VLR_EXP_SORTE]]/50,0) -> 0
A20: =IF(Rel_2026[[#This Row],[Zero]]=0,"Zero",IF(Rel_2026[[#This Row],[Pontuação]]>=10,"Sim",IF(Rel_2026[[#This Row],[Pontuação]]>=5,"Próximo","Não"))) -> Próximo | B20: =IF(Rel_2026[[#This Row],[Zero]]=0,"Zero",IF(Rel_2026[[#This Row],[Pontuação2]]>=10,"Sim",IF(Rel_2026[[#This Row],[Pontuação2]]>=5,"Próximo","Não"))) -> Sim | C20: =IFERROR(VLOOKUP(Rel_2026[[#This Row],[chave_loja]],Responsavel!A:B,2,FALSE),"EUCLIDES") -> ROSSY | D20: =LEFT(Rel_2026[[#This Row],[ag_pacb]],4) -> 5792 | E20: 200238 | F20: SUPER IDEAL | G20: 5792/156 | H20: 44634 | I20: PI | J20: CAMPO LARGO DO PIAUI | K20: 44378 | L20: 46253 | M20: TERESINA | N20: 46254 | O20: 577 | P20: 1 | Q20: 1 | R20: 1 | S20: 0 | T20: 0 | U20: 0 | V20: 0 | W20: 0 | X20: 0 | Y20: 0 | Z20: 0 | AA20: 0 | AB20: 0 | AC20: 0 | AD20: 0 | AE20: 0 | AF20: 1 | AG20: 0 | AH20: Sim | AI20: Desbloqueado | AK20: TREINADO | AL20: =IF(Rel_2026[[#This Row],[qtd_contas_com_deposito]]>0,7*Rel_2026[[#This Row],[qtd_contas_com_deposito]])+IF((Rel_2026[[#This Row],[qtd_contas]]-Rel_2026[[#This Row],[qtd_contas_com_deposito]])>0,(Rel_2026[[#This Row],[qtd_contas]]-Rel_2026[[#This Row],[qtd_contas_com_deposito]])*3)+IF(Rel_2026[[#This Row],[qtd_cesta_serv]]>0,0*Rel_2026[[#This Row],[qtd_cesta_serv]])+IF(Rel_2026[[#This Row],[QTD_CARTAO_EMITIDO]]>0,0*Rel_2026[[#This Row],[QTD_CARTAO_EMITIDO]])+IF(Rel_2026[[#This Row],[QTD_SUPER_PROTEGIDO]]>0,0*Rel_2026[[#This Row],[QTD_SUPER_PROTEGIDO]])+IF(Rel_2026[[#This Row],[QTD_CONTAS_PJ]]>0,0*Rel_2026[[#This Row],[QTD_CONTAS_PJ]])+IF(Rel_2026[[#This Row],[QTD_MICRO_VIVAVIDA]]>0,1*Rel_2026[[#This Row],[QTD_MICRO_VIVAVIDA]])+IF(Rel_2026[[#This Row],[qtd_microsseguro]]>0,1*Rel_2026[[#This Row],[qtd_microsseguro]])+IF(Rel_2026[[#This Row],[QTD_SEG_RESIDENCIAL]]>0,1*Rel_2026[[#This Row],[QTD_SEG_RESIDENCIAL]])+IF(Rel_2026[[#This Row],[QTD_PLANO_ODONTO]]>0,1*Rel_2026[[#This Row],[QTD_PLANO_ODONTO]])+IF(Rel_2026[[#This Row],[vlr_lime]]>0,1*ROUND(Rel_2026[[#This Row],[vlr_lime]]/100,0))+ROUND(IF(Rel_2026[[#This Row],[VLR_CREDITO_PARCEL]]>500,1*Rel_2026[[#This Row],[VLR_CREDITO_PARCEL]]/500),0)+ROUND(Rel_2026[[#This Row],[vlr_consignado_total]]/1000,0)+ROUND(Rel_2026[[#This Row],[VLR_EXP_SORTE]]/50,0) -> 7 | AM20: =SUM(Rel_2026[[#This Row],[qtd_TrxContabil]:[VLR_EXP_SORTE]]) -> 581 | AN20: =IF(Rel_2026[[#This Row],[qtd_contas_com_deposito]]>0,7*Rel_2026[[#This Row],[qtd_contas_com_deposito]])+IF((Rel_2026[[#This Row],[qtd_contas]]-Rel_2026[[#This Row],[qtd_contas_com_deposito]])>0,(Rel_2026[[#This Row],[qtd_contas]]-Rel_2026[[#This Row],[qtd_contas_com_deposito]])*3)+IF(Rel_2026[[#This Row],[qtd_cesta_serv]]>0,3*Rel_2026[[#This Row],[qtd_cesta_serv]])+IF(Rel_2026[[#This Row],[QTD_CARTAO_EMITIDO]]>0,0*Rel_2026[[#This Row],[QTD_CARTAO_EMITIDO]])+IF(Rel_2026[[#This Row],[QTD_SUPER_PROTEGIDO]]>0,0*Rel_2026[[#This Row],[QTD_SUPER_PROTEGIDO]])+IF(Rel_2026[[#This Row],[QTD_CONTAS_PJ]]>0,0*Rel_2026[[#This Row],[QTD_CONTAS_PJ]])+IF(Rel_2026[[#This Row],[QTD_MICRO_VIVAVIDA]]>0,1*Rel_2026[[#This Row],[QTD_MICRO_VIVAVIDA]])+IF(Rel_2026[[#This Row],[qtd_microsseguro]]>0,1*Rel_2026[[#This Row],[qtd_microsseguro]])+IF(Rel_2026[[#This Row],[QTD_SEG_RESIDENCIAL]]>0,1*Rel_2026[[#This Row],[QTD_SEG_RESIDENCIAL]])+IF(Rel_2026[[#This Row],[QTD_PLANO_ODONTO]]>0,1*Rel_2026[[#This Row],[QTD_PLANO_ODONTO]])+IF(Rel_2026[[#This Row],[vlr_lime]]>0,1*ROUND(Rel_2026[[#This Row],[vlr_lime]]/100,0))+ROUND(IF(Rel_2026[[#This Row],[VLR_CREDITO_PARCEL]]>500,1*Rel_2026[[#This Row],[VLR_CREDITO_PARCEL]]/500),0)+ROUND(Rel_2026[[#This Row],[vlr_consignado_total]]/1000,0)+ROUND(Rel_2026[[#This Row],[VLR_EXP_SORTE]]/50,0) -> 10
A21: =IF(Rel_2026[[#This Row],[Zero]]=0,"Zero",IF(Rel_2026[[#This Row],[Pontuação]]>=10,"Sim",IF(Rel_2026[[#This Row],[Pontuação]]>=5,"Próximo","Não"))) -> Sim | B21: =IF(Rel_2026[[#This Row],[Zero]]=0,"Zero",IF(Rel_2026[[#This Row],[Pontuação2]]>=10,"Sim",IF(Rel_2026[[#This Row],[Pontuação2]]>=5,"Próximo","Não"))) -> Sim | C21: =IFERROR(VLOOKUP(Rel_2026[[#This Row],[chave_loja]],Responsavel!A:B,2,FALSE),"EUCLIDES") -> JACK | D21: =LEFT(Rel_2026[[#This Row],[ag_pacb]],4) -> 5808 | E21: 412735 | F21: Otica Piripiri | G21: 5808/206 | H21: 45803 | I21: PI | J21: PIRIPIRI | K21: 45793 | L21: 46161 | M21: TERESINA | N21: 46254 | O21: 104 | P21: 5 | Q21: 3 | R21: 5 | S21: 0 | T21: 0 | U21: 0 | V21: 0 | W21: 0 | X21: 0 | Y21: 0 | Z21: 0 | AA21: 0 | AB21: 0 | AC21: 0 | AD21: 0 | AE21: 0 | AF21: 1 | AG21: 0 | AH21: Nao | AI21: Desbloqueado | AK21: TREINADO | AL21: =IF(Rel_2026[[#This Row],[qtd_contas_com_deposito]]>0,7*Rel_2026[[#This Row],[qtd_contas_com_deposito]])+IF((Rel_2026[[#This Row],[qtd_contas]]-Rel_2026[[#This Row],[qtd_contas_com_deposito]])>0,(Rel_2026[[#This Row],[qtd_contas]]-Rel_2026[[#This Row],[qtd_contas_com_deposito]])*3)+IF(Rel_2026[[#This Row],[qtd_cesta_serv]]>0,0*Rel_2026[[#This Row],[qtd_cesta_serv]])+IF(Rel_2026[[#This Row],[QTD_CARTAO_EMITIDO]]>0,0*Rel_2026[[#This Row],[QTD_CARTAO_EMITIDO]])+IF(Rel_2026[[#This Row],[QTD_SUPER_PROTEGIDO]]>0,0*Rel_2026[[#This Row],[QTD_SUPER_PROTEGIDO]])+IF(Rel_2026[[#This Row],[QTD_CONTAS_PJ]]>0,0*Rel_2026[[#This Row],[QTD_CONTAS_PJ]])+IF(Rel_2026[[#This Row],[QTD_MICRO_VIVAVIDA]]>0,1*Rel_2026[[#This Row],[QTD_MICRO_VIVAVIDA]])+IF(Rel_2026[[#This Row],[qtd_microsseguro]]>0,1*Rel_2026[[#This Row],[qtd_microsseguro]])+IF(Rel_2026[[#This Row],[QTD_SEG_RESIDENCIAL]]>0,1*Rel_2026[[#This Row],[QTD_SEG_RESIDENCIAL]])+IF(Rel_2026[[#This Row],[QTD_PLANO_ODONTO]]>0,1*Rel_2026[[#This Row],[QTD_PLANO_ODONTO]])+IF(Rel_2026[[#This Row],[vlr_lime]]>0,1*ROUND(Rel_2026[[#This Row],[vlr_lime]]/100,0))+ROUND(IF(Rel_2026[[#This Row],[VLR_CREDITO_PARCEL]]>500,1*Rel_2026[[#This Row],[VLR_CREDITO_PARCEL]]/500),0)+ROUND(Rel_2026[[#This Row],[vlr_consignado_total]]/1000,0)+ROUND(Rel_2026[[#This Row],[VLR_EXP_SORTE]]/50,0) -> 27 | AM21: =SUM(Rel_2026[[#This Row],[qtd_TrxContabil]:[VLR_EXP_SORTE]]) -> 118 | AN21: =IF(Rel_2026[[#This Row],[qtd_contas_com_deposito]]>0,7*Rel_2026[[#This Row],[qtd_contas_com_deposito]])+IF((Rel_2026[[#This Row],[qtd_contas]]-Rel_2026[[#This Row],[qtd_contas_com_deposito]])>0,(Rel_2026[[#This Row],[qtd_contas]]-Rel_2026[[#This Row],[qtd_contas_com_deposito]])*3)+IF(Rel_2026[[#This Row],[qtd_cesta_serv]]>0,3*Rel_2026[[#This Row],[qtd_cesta_serv]])+IF(Rel_2026[[#This Row],[QTD_CARTAO_EMITIDO]]>0,0*Rel_2026[[#This Row],[QTD_CARTAO_EMITIDO]])+IF(Rel_2026[[#This Row],[QTD_SUPER_PROTEGIDO]]>0,0*Rel_2026[[#This Row],[QTD_SUPER_PROTEGIDO]])+IF(Rel_2026[[#This Row],[QTD_CONTAS_PJ]]>0,0*Rel_2026[[#This Row],[QTD_CONTAS_PJ]])+IF(Rel_2026[[#This Row],[QTD_MICRO_VIVAVIDA]]>0,1*Rel_2026[[#This Row],[QTD_MICRO_VIVAVIDA]])+IF(Rel_2026[[#This Row],[qtd_microsseguro]]>0,1*Rel_2026[[#This Row],[qtd_microsseguro]])+IF(Rel_2026[[#This Row],[QTD_SEG_RESIDENCIAL]]>0,1*Rel_2026[[#This Row],[QTD_SEG_RESIDENCIAL]])+IF(Rel_2026[[#This Row],[QTD_PLANO_ODONTO]]>0,1*Rel_2026[[#This Row],[QTD_PLANO_ODONTO]])+IF(Rel_2026[[#This Row],[vlr_lime]]>0,1*ROUND(Rel_2026[[#This Row],[vlr_lime]]/100,0))+ROUND(IF(Rel_2026[[#This Row],[VLR_CREDITO_PARCEL]]>500,1*Rel_2026[[#This Row],[VLR_CREDITO_PARCEL]]/500),0)+ROUND(Rel_2026[[#This Row],[vlr_consignado_total]]/1000,0)+ROUND(Rel_2026[[#This Row],[VLR_EXP_SORTE]]/50,0) -> 42
... A40: =IF(Rel_2026[[#This Row],[Zero]]=0,"Zero",IF(Rel_2026[[#This Row],[Pontuação]]>=10,"Sim",IF(Rel_2026[[#This Row],[Pontuação]]>=5,"Próximo","Não"))) -> Sim | B40: =IF(Rel_2026[[#This Row],[Zero]]=0,"Zero",IF(Rel_2026[[#This Row],[Pontuação2]]>=10,"Sim",IF(Rel_2026[[#This Row],[Pontuação2]]>=5,"Próximo","Não"))) -> Sim | C40: =IFERROR(VLOOKUP(Rel_2026[[#This Row],[chave_loja]],Responsavel!A:B,2,FALSE),"EUCLIDES") -> NYCOLLAS | D40: =LEFT(Rel_2026[[#This Row],[ag_pacb]],4) -> 0719 | E40: 217731 | F40: FELIPE MOTO PECAS | G40: 0719/151 | H40: 45068 | I40: CE | J40: IRAUCUBA | K40: 44327 | L40: 46154 | M40: FORTALEZA OESTE | N40: 46254 | O40: 3124 | P40: 21 | Q40: 2 | R40: 21 | S40: 0 | T40: 11683 | U40: 105886 | V40: 105886 | W40: 0 | X40: 0 | Y40: 13633 | Z40: 0 | AA40: 0 | AB40: 2 | AC40: 0 | AD40: 0 | AE40: 0 | AF40: 23 | AG40: 0 | AH40: Nao | AI40: Desbloqueado | AK40: TREINADO | AL40: =IF(Rel_2026[[#This Row],[qtd_contas_com_deposito]]>0,7*Rel_2026[[#This Row],[qtd_contas_com_deposito]])+IF((Rel_2026[[#This Row],[qtd_contas]]-Rel_2026[[#This Row],[qtd_contas_com_deposito]])>0,(Rel_2026[[#This Row],[qtd_contas]]-Rel_2026[[#This Row],[qtd_contas_com_deposito]])*3)+IF(Rel_2026[[#This Row],[qtd_cesta_serv]]>0,0*Rel_2026[[#This Row],[qtd_cesta_serv]])+IF(Rel_2026[[#This Row],[QTD_CARTAO_EMITIDO]]>0,0*Rel_2026[[#This Row],[QTD_CARTAO_EMITIDO]])+IF(Rel_2026[[#This Row],[QTD_SUPER_PROTEGIDO]]>0,0*Rel_2026[[#This Row],[QTD_SUPER_PROTEGIDO]])+IF(Rel_2026[[#This Row],[QTD_CONTAS_PJ]]>0,0*Rel_2026[[#This Row],[QTD_CONTAS_PJ]])+IF(Rel_2026[[#This Row],[QTD_MICRO_VIVAVIDA]]>0,1*Rel_2026[[#This Row],[QTD_MICRO_VIVAVIDA]])+IF(Rel_2026[[#This Row],[qtd_microsseguro]]>0,1*Rel_2026[[#This Row],[qtd_microsseguro]])+IF(Rel_2026[[#This Row],[QTD_SEG_RESIDENCIAL]]>0,1*Rel_2026[[#This Row],[QTD_SEG_RESIDENCIAL]])+IF(Rel_2026[[#This Row],[QTD_PLANO_ODONTO]]>0,1*Rel_2026[[#This Row],[QTD_PLANO_ODONTO]])+IF(Rel_2026[[#This Row],[vlr_lime]]>0,1*ROUND(Rel_2026[[#This Row],[vlr_lime]]/100,0))+ROUND(IF(Rel_2026[[#This Row],[VLR_CREDITO_PARCEL]]>500,1*Rel_2026[[#This Row],[VLR_CREDITO_PARCEL]]/500),0)+ROUND(Rel_2026[[#This Row],[vlr_consignado_total]]/1000,0)+ROUND(Rel_2026[[#This Row],[VLR_EXP_SORTE]]/50,0) -> 321 | AM40: =SUM(Rel_2026[[#This Row],[qtd_TrxContabil]:[VLR_EXP_SORTE]]) -> 240281 | AN40: =IF(Rel_2026[[#This Row],[qtd_contas_com_deposito]]>0,7*Rel_2026[[#This Row],[qtd_contas_com_deposito]])+IF((Rel_2026[[#This Row],[qtd_contas]]-Rel_2026[[#This Row],[qtd_contas_com_deposito]])>0,(Rel_2026[[#This Row],[qtd_contas]]-Rel_2026[[#This Row],[qtd_contas_com_deposito]])*3)+IF(Rel_2026[[#This Row],[qtd_cesta_serv]]>0,3*Rel_2026[[#This Row],[qtd_cesta_serv]])+IF(Rel_2026[[#This Row],[QTD_CARTAO_EMITIDO]]>0,0*Rel_2026[[#This Row],[QTD_CARTAO_EMITIDO]])+IF(Rel_2026[[#This Row],[QTD_SUPER_PROTEGIDO]]>0,0*Rel_2026[[#This Row],[QTD_SUPER_PROTEGIDO]])+IF(Rel_2026[[#This Row],[QTD_CONTAS_PJ]]>0,0*Rel_2026[[#This Row],[QTD_CONTAS_PJ]])+IF(Rel_2026[[#This Row],[QTD_MICRO_VIVAVIDA]]>0,1*Rel_2026[[#This Row],[QTD_MICRO_VIVAVIDA]])+IF(Rel_2026[[#This Row],[qtd_microsseguro]]>0,1*Rel_2026[[#This Row],[qtd_microsseguro]])+IF(Rel_2026[[#This Row],[QTD_SEG_RESIDENCIAL]]>0,1*Rel_2026[[#This Row],[QTD_SEG_RESIDENCIAL]])+IF(Rel_2026[[#This Row],[QTD_PLANO_ODONTO]]>0,1*Rel_2026[[#This Row],[QTD_PLANO_ODONTO]])+IF(Rel_2026[[#This Row],[vlr_lime]]>0,1*ROUND(Rel_2026[[#This Row],[vlr_lime]]/100,0))+ROUND(IF(Rel_2026[[#This Row],[VLR_CREDITO_PARCEL]]>500,1*Rel_2026[[#This Row],[VLR_CREDITO_PARCEL]]/500),0)+ROUND(Rel_2026[[#This Row],[vlr_consignado_total]]/1000,0)+ROUND(Rel_2026[[#This Row],[VLR_EXP_SORTE]]/50,0) -> 384
A41: =IF(Rel_2026[[#This Row],[Zero]]=0,"Zero",IF(Rel_2026[[#This Row],[Pontuação]]>=10,"Sim",IF(Rel_2026[[#This Row],[Pontuação]]>=5,"Próximo","Não"))) -> Zero | B41: =IF(Rel_2026[[#This Row],[Zero]]=0,"Zero",IF(Rel_2026[[#This Row],[Pontuação2]]>=10,"Sim",IF(Rel_2026[[#This Row],[Pontuação2]]>=5,"Próximo","Não"))) -> Zero | C41: =IFERROR(VLOOKUP(Rel_2026[[#This Row],[chave_loja]],Responsavel!A:B,2,FALSE),"EUCLIDES") -> CÉLIO | D41: =LEFT(Rel_2026[[#This Row],[ag_pacb]],4) -> 0628 | E41: 418458 | F41: Q Barato Mercadinho Variedades | G41: 0628/097 | H41: 45939 | I41: CE | J41: FORTALEZA | K41: 45931 | L41: 45947 | M41: FORTALEZA OESTE | N41: 46160 | O41: 0 | P41: 0 | Q41: 0 | R41: 0 | S41: 0 | T41: 0 | U41: 0 | V41: 0 | W41: 0 | X41: 0 | Y41: 0 | Z41: 0 | AA41: 0 | AB41: 0 | AC41: 0 | AD41: 0 | AE41: 0 | AF41: 0 | AG41: 0 | AH41: Sim | AI41: Bloqueado | AJ41: 46199 | AK41: TREINADO | AL41: =IF(Rel_2026[[#This Row],[qtd_contas_com_deposito]]>0,7*Rel_2026[[#This Row],[qtd_contas_com_deposito]])+IF((Rel_2026[[#This Row],[qtd_contas]]-Rel_2026[[#This Row],[qtd_contas_com_deposito]])>0,(Rel_2026[[#This Row],[qtd_contas]]-Rel_2026[[#This Row],[qtd_contas_com_deposito]])*3)+IF(Rel_2026[[#This Row],[qtd_cesta_serv]]>0,0*Rel_2026[[#This Row],[qtd_cesta_serv]])+IF(Rel_2026[[#This Row],[QTD_CARTAO_EMITIDO]]>0,0*Rel_2026[[#This Row],[QTD_CARTAO_EMITIDO]])+IF(Rel_2026[[#This Row],[QTD_SUPER_PROTEGIDO]]>0,0*Rel_2026[[#This Row],[QTD_SUPER_PROTEGIDO]])+IF(Rel_2026[[#This Row],[QTD_CONTAS_PJ]]>0,0*Rel_2026[[#This Row],[QTD_CONTAS_PJ]])+IF(Rel_2026[[#This Row],[QTD_MICRO_VIVAVIDA]]>0,1*Rel_2026[[#This Row],[QTD_MICRO_VIVAVIDA]])+IF(Rel_2026[[#This Row],[qtd_microsseguro]]>0,1*Rel_2026[[#This Row],[qtd_microsseguro]])+IF(Rel_2026[[#This Row],[QTD_SEG_RESIDENCIAL]]>0,1*Rel_2026[[#This Row],[QTD_SEG_RESIDENCIAL]])+IF(Rel_2026[[#This Row],[QTD_PLANO_ODONTO]]>0,1*Rel_2026[[#This Row],[QTD_PLANO_ODONTO]])+IF(Rel_2026[[#This Row],[vlr_lime]]>0,1*ROUND(Rel_2026[[#This Row],[vlr_lime]]/100,0))+ROUND(IF(Rel_2026[[#This Row],[VLR_CREDITO_PARCEL]]>500,1*Rel_2026[[#This Row],[VLR_CREDITO_PARCEL]]/500),0)+ROUND(Rel_2026[[#This Row],[vlr_consignado_total]]/1000,0)+ROUND(Rel_2026[[#This Row],[VLR_EXP_SORTE]]/50,0) -> 0 | AM41: =SUM(Rel_2026[[#This Row],[qtd_TrxContabil]:[VLR_EXP_SORTE]]) -> 0 | AN41: =IF(Rel_2026[[#This Row],[qtd_contas_com_deposito]]>0,7*Rel_2026[[#This Row],[qtd_contas_com_deposito]])+IF((Rel_2026[[#This Row],[qtd_contas]]-Rel_2026[[#This Row],[qtd_contas_com_deposito]])>0,(Rel_2026[[#This Row],[qtd_contas]]-Rel_2026[[#This Row],[qtd_contas_com_deposito]])*3)+IF(Rel_2026[[#This Row],[qtd_cesta_serv]]>0,3*Rel_2026[[#This Row],[qtd_cesta_serv]])+IF(Rel_2026[[#This Row],[QTD_CARTAO_EMITIDO]]>0,0*Rel_2026[[#This Row],[QTD_CARTAO_EMITIDO]])+IF(Rel_2026[[#This Row],[QTD_SUPER_PROTEGIDO]]>0,0*Rel_2026[[#This Row],[QTD_SUPER_PROTEGIDO]])+IF(Rel_2026[[#This Row],[QTD_CONTAS_PJ]]>0,0*Rel_2026[[#This Row],[QTD_CONTAS_PJ]])+IF(Rel_2026[[#This Row],[QTD_MICRO_VIVAVIDA]]>0,1*Rel_2026[[#This Row],[QTD_MICRO_VIVAVIDA]])+IF(Rel_2026[[#This Row],[qtd_microsseguro]]>0,1*Rel_2026[[#This Row],[qtd_microsseguro]])+IF(Rel_2026[[#This Row],[QTD_SEG_RESIDENCIAL]]>0,1*Rel_2026[[#This Row],[QTD_SEG_RESIDENCIAL]])+IF(Rel_2026[[#This Row],[QTD_PLANO_ODONTO]]>0,1*Rel_2026[[#This Row],[QTD_PLANO_ODONTO]])+IF(Rel_2026[[#This Row],[vlr_lime]]>0,1*ROUND(Rel_2026[[#This Row],[vlr_lime]]/100,0))+ROUND(IF(Rel_2026[[#This Row],[VLR_CREDITO_PARCEL]]>500,1*Rel_2026[[#This Row],[VLR_CREDITO_PARCEL]]/500),0)+ROUND(Rel_2026[[#This Row],[vlr_consignado_total]]/1000,0)+ROUND(Rel_2026[[#This Row],[VLR_EXP_SORTE]]/50,0) -> 0
A42: =IF(Rel_2026[[#This Row],[Zero]]=0,"Zero",IF(Rel_2026[[#This Row],[Pontuação]]>=10,"Sim",IF(Rel_2026[[#This Row],[Pontuação]]>=5,"Próximo","Não"))) -> Sim | B42: =IF(Rel_2026[[#This Row],[Zero]]=0,"Zero",IF(Rel_2026[[#This Row],[Pontuação2]]>=10,"Sim",IF(Rel_2026[[#This Row],[Pontuação2]]>=5,"Próximo","Não"))) -> Sim | C42: =IFERROR(VLOOKUP(Rel_2026[[#This Row],[chave_loja]],Responsavel!A:B,2,FALSE),"EUCLIDES") -> WASTHSON | D42: =LEFT(Rel_2026[[#This Row],[ag_pacb]],4) -> 0458 | E42: 82930 | F42: A NOSSA FARMACIA | G42: 0458/182 | H42: 44211 | I42: CE | J42: MERUOCA | K42: 42138 | L42: 46189 | M42: FORTALEZA OESTE | N42: 46254 | O42: 2258 | P42: 7 | Q42: 0 | R42: 4 | S42: 0 | T42: 700 | U42: 0 | V42: 0 | W42: 0 | X42: 0 | Y42: 0 | Z42: 0 | AA42: 0 | AB42: 0 | AC42: 0 | AD42: 0 | AE42: 0 | AF42: 7 | AG42: 0 | AH42: Nao | AI42: Desbloqueado | AK42: TREINADO | AL42: =IF(Rel_2026[[#This Row],[qtd_contas_com_deposito]]>0,7*Rel_2026[[#This Row],[qtd_contas_com_deposito]])+IF((Rel_2026[[#This Row],[qtd_contas]]-Rel_2026[[#This Row],[qtd_contas_com_deposito]])>0,(Rel_2026[[#This Row],[qtd_contas]]-Rel_2026[[#This Row],[qtd_contas_com_deposito]])*3)+IF(Rel_2026[[#This Row],[qtd_cesta_serv]]>0,0*Rel_2026[[#This Row],[qtd_cesta_serv]])+IF(Rel_2026[[#This Row],[QTD_CARTAO_EMITIDO]]>0,0*Rel_2026[[#This Row],[QTD_CARTAO_EMITIDO]])+IF(Rel_2026[[#This Row],[QTD_SUPER_PROTEGIDO]]>0,0*Rel_2026[[#This Row],[QTD_SUPER_PROTEGIDO]])+IF(Rel_2026[[#This Row],[QTD_CONTAS_PJ]]>0,0*Rel_2026[[#This Row],[QTD_CONTAS_PJ]])+IF(Rel_2026[[#This Row],[QTD_MICRO_VIVAVIDA]]>0,1*Rel_2026[[#This Row],[QTD_MICRO_VIVAVIDA]])+IF(Rel_2026[[#This Row],[qtd_microsseguro]]>0,1*Rel_2026[[#This Row],[qtd_microsseguro]])+IF(Rel_2026[[#This Row],[QTD_SEG_RESIDENCIAL]]>0,1*Rel_2026[[#This Row],[QTD_SEG_RESIDENCIAL]])+IF(Rel_2026[[#This Row],[QTD_PLANO_ODONTO]]>0,1*Rel_2026[[#This Row],[QTD_PLANO_ODONTO]])+IF(Rel_2026[[#This Row],[vlr_lime]]>0,1*ROUND(Rel_2026[[#This Row],[vlr_lime]]/100,0))+ROUND(IF(Rel_2026[[#This Row],[VLR_CREDITO_PARCEL]]>500,1*Rel_2026[[#This Row],[VLR_CREDITO_PARCEL]]/500),0)+ROUND(Rel_2026[[#This Row],[vlr_consignado_total]]/1000,0)+ROUND(Rel_2026[[#This Row],[VLR_EXP_SORTE]]/50,0) -> 28 | AM42: =SUM(Rel_2026[[#This Row],[qtd_TrxContabil]:[VLR_EXP_SORTE]]) -> 2976 | AN42: =IF(Rel_2026[[#This Row],[qtd_contas_com_deposito]]>0,7*Rel_2026[[#This Row],[qtd_contas_com_deposito]])+IF((Rel_2026[[#This Row],[qtd_contas]]-Rel_2026[[#This Row],[qtd_contas_com_deposito]])>0,(Rel_2026[[#This Row],[qtd_contas]]-Rel_2026[[#This Row],[qtd_contas_com_deposito]])*3)+IF(Rel_2026[[#This Row],[qtd_cesta_serv]]>0,3*Rel_2026[[#This Row],[qtd_cesta_serv]])+IF(Rel_2026[[#This Row],[QTD_CARTAO_EMITIDO]]>0,0*Rel_2026[[#This Row],[QTD_CARTAO_EMITIDO]])+IF(Rel_2026[[#This Row],[QTD_SUPER_PROTEGIDO]]>0,0*Rel_2026[[#This Row],[QTD_SUPER_PROTEGIDO]])+IF(Rel_2026[[#This Row],[QTD_CONTAS_PJ]]>0,0*Rel_2026[[#This Row],[QTD_CONTAS_PJ]])+IF(Rel_2026[[#This Row],[QTD_MICRO_VIVAVIDA]]>0,1*Rel_2026[[#This Row],[QTD_MICRO_VIVAVIDA]])+IF(Rel_2026[[#This Row],[qtd_microsseguro]]>0,1*Rel_2026[[#This Row],[qtd_microsseguro]])+IF(Rel_2026[[#This Row],[QTD_SEG_RESIDENCIAL]]>0,1*Rel_2026[[#This Row],[QTD_SEG_RESIDENCIAL]])+IF(Rel_2026[[#This Row],[QTD_PLANO_ODONTO]]>0,1*Rel_2026[[#This Row],[QTD_PLANO_ODONTO]])+IF(Rel_2026[[#This Row],[vlr_lime]]>0,1*ROUND(Rel_2026[[#This Row],[vlr_lime]]/100,0))+ROUND(IF(Rel_2026[[#This Row],[VLR_CREDITO_PARCEL]]>500,1*Rel_2026[[#This Row],[VLR_CREDITO_PARCEL]]/500),0)+ROUND(Rel_2026[[#This Row],[vlr_consignado_total]]/1000,0)+ROUND(Rel_2026[[#This Row],[VLR_EXP_SORTE]]/50,0) -> 40
A43: =IF(Rel_2026[[#This Row],[Zero]]=0,"Zero",IF(Rel_2026[[#This Row],[Pontuação]]>=10,"Sim",IF(Rel_2026[[#This Row],[Pontuação]]>=5,"Próximo","Não"))) -> Sim | B43: =IF(Rel_2026[[#This Row],[Zero]]=0,"Zero",IF(Rel_2026[[#This Row],[Pontuação2]]>=10,"Sim",IF(Rel_2026[[#This Row],[Pontuação2]]>=5,"Próximo","Não"))) -> Sim | C43: =IFERROR(VLOOKUP(Rel_2026[[#This Row],[chave_loja]],Responsavel!A:B,2,FALSE),"EUCLIDES") -> ISMAEL | D43: =LEFT(Rel_2026[[#This Row],[ag_pacb]],4) -> 5365 | E43: 228934 | F43: CASA SAO FRANCISCO | G43: 5365/124 | H43: 44607 | I43: CE | J43: MULUNGU | K43: 45306 | L43: 46035 | M43: FORTALEZA LESTE | N43: 46249 | O43: 926 | P43: 7 | Q43: 6 | R43: 7 | S43: 0 | T43: 750 | U43: 5173 | V43: 5173 | W43: 0 | X43: 0 | Y43: 0 | Z43: 0 | AA43: 0 | AB43: 0 | AC43: 0 | AD43: 0 | AE43: 0 | AF43: 0 | AG43: 50 | AH43: Sim | AI43: Desbloqueado | AK43: TREINADO | AL43: =IF(Rel_2026[[#This Row],[qtd_contas_com_deposito]]>0,7*Rel_2026[[#This Row],[qtd_contas_com_deposito]])+IF((Rel_2026[[#This Row],[qtd_contas]]-Rel_2026[[#This Row],[qtd_contas_com_deposito]])>0,(Rel_2026[[#This Row],[qtd_contas]]-Rel_2026[[#This Row],[qtd_contas_com_deposito]])*3)+IF(Rel_2026[[#This Row],[qtd_cesta_serv]]>0,0*Rel_2026[[#This Row],[qtd_cesta_serv]])+IF(Rel_2026[[#This Row],[QTD_CARTAO_EMITIDO]]>0,0*Rel_2026[[#This Row],[QTD_CARTAO_EMITIDO]])+IF(Rel_2026[[#This Row],[QTD_SUPER_PROTEGIDO]]>0,0*Rel_2026[[#This Row],[QTD_SUPER_PROTEGIDO]])+IF(Rel_2026[[#This Row],[QTD_CONTAS_PJ]]>0,0*Rel_2026[[#This Row],[QTD_CONTAS_PJ]])+IF(Rel_2026[[#This Row],[QTD_MICRO_VIVAVIDA]]>0,1*Rel_2026[[#This Row],[QTD_MICRO_VIVAVIDA]])+IF(Rel_2026[[#This Row],[qtd_microsseguro]]>0,1*Rel_2026[[#This Row],[qtd_microsseguro]])+IF(Rel_2026[[#This Row],[QTD_SEG_RESIDENCIAL]]>0,1*Rel_2026[[#This Row],[QTD_SEG_RESIDENCIAL]])+IF(Rel_2026[[#This Row],[QTD_PLANO_ODONTO]]>0,1*Rel_2026[[#This Row],[QTD_PLANO_ODONTO]])+IF(Rel_2026[[#This Row],[vlr_lime]]>0,1*ROUND(Rel_2026[[#This Row],[vlr_lime]]/100,0))+ROUND(IF(Rel_2026[[#This Row],[VLR_CREDITO_PARCEL]]>500,1*Rel_2026[[#This Row],[VLR_CREDITO_PARCEL]]/500),0)+ROUND(Rel_2026[[#This Row],[vlr_consignado_total]]/1000,0)+ROUND(Rel_2026[[#This Row],[VLR_EXP_SORTE]]/50,0) -> 59 | AM43: =SUM(Rel_2026[[#This Row],[qtd_TrxContabil]:[VLR_EXP_SORTE]]) -> 12092 | AN43: =IF(Rel_2026[[#This Row],[qtd_contas_com_deposito]]>0,7*Rel_2026[[#This Row],[qtd_contas_com_deposito]])+IF((Rel_2026[[#This Row],[qtd_contas]]-Rel_2026[[#This Row],[qtd_contas_com_deposito]])>0,(Rel_2026[[#This Row],[qtd_contas]]-Rel_2026[[#This Row],[qtd_contas_com_deposito]])*3)+IF(Rel_2026[[#This Row],[qtd_cesta_serv]]>0,3*Rel_2026[[#This Row],[qtd_cesta_serv]])+IF(Rel_2026[[#This Row],[QTD_CARTAO_EMITIDO]]>0,0*Rel_2026[[#This Row],[QTD_CARTAO_EMITIDO]])+IF(Rel_2026[[#This Row],[QTD_SUPER_PROTEGIDO]]>0,0*Rel_2026[[#This Row],[QTD_SUPER_PROTEGIDO]])+IF(Rel_2026[[#This Row],[QTD_CONTAS_PJ]]>0,0*Rel_2026[[#This Row],[QTD_CONTAS_PJ]])+IF(Rel_2026[[#This Row],[QTD_MICRO_VIVAVIDA]]>0,1*Rel_2026[[#This Row],[QTD_MICRO_VIVAVIDA]])+IF(Rel_2026[[#This Row],[qtd_microsseguro]]>0,1*Rel_2026[[#This Row],[qtd_microsseguro]])+IF(Rel_2026[[#This Row],[QTD_SEG_RESIDENCIAL]]>0,1*Rel_2026[[#This Row],[QTD_SEG_RESIDENCIAL]])+IF(Rel_2026[[#This Row],[QTD_PLANO_ODONTO]]>0,1*Rel_2026[[#This Row],[QTD_PLANO_ODONTO]])+IF(Rel_2026[[#This Row],[vlr_lime]]>0,1*ROUND(Rel_2026[[#This Row],[vlr_lime]]/100,0))+ROUND(IF(Rel_2026[[#This Row],[VLR_CREDITO_PARCEL]]>500,1*Rel_2026[[#This Row],[VLR_CREDITO_PARCEL]]/500),0)+ROUND(Rel_2026[[#This Row],[vlr_consignado_total]]/1000,0)+ROUND(Rel_2026[[#This Row],[VLR_EXP_SORTE]]/50,0) -> 80
A44: =IF(Rel_2026[[#This Row],[Zero]]=0,"Zero",IF(Rel_2026[[#This Row],[Pontuação]]>=10,"Sim",IF(Rel_2026[[#This Row],[Pontuação]]>=5,"Próximo","Não"))) -> Não | B44: =IF(Rel_2026[[#This Row],[Zero]]=0,"Zero",IF(Rel_2026[[#This Row],[Pontuação2]]>=10,"Sim",IF(Rel_2026[[#This Row],[Pontuação2]]>=5,"Próximo","Não"))) -> Não | C44: =IFERROR(VLOOKUP(Rel_2026[[#This Row],[chave_loja]],Responsavel!A:B,2,FALSE),"EUCLIDES") -> WASTHSON | D44: =LEFT(Rel_2026[[#This Row],[ag_pacb]],4) -> 5415 | E44: 254739 | F44: MM CELULARES IMPORTADOS E ASSISTENCIA TECNICA | G44: 5415/155 | H44: 45842 | I44: CE | J44: SENADOR SA | K44: 45306 | L44: 45272 | M44: FORTALEZA OESTE | N44: 46254 | O44: 248 | P44: 0 | Q44: 0 | R44: 0 | S44: 0 | T44: 0 | U44: 0 | V44: 0 | W44: 0 | X44: 0 | Y44: 0 | Z44: 0 | AA44: 0 | AB44: 0 | AC44: 0 | AD44: 0 | AE44: 0 | AF44: 0 | AG44: 0 | AH44: Nao | AI44: Desbloqueado | AK44: TREINADO | AL44: =IF(Rel_2026[[#This Row],[qtd_contas_com_deposito]]>0,7*Rel_2026[[#This Row],[qtd_contas_com_deposito]])+IF((Rel_2026[[#This Row],[qtd_contas]]-Rel_2026[[#This Row],[qtd_contas_com_deposito]])>0,(Rel_2026[[#This Row],[qtd_contas]]-Rel_2026[[#This Row],[qtd_contas_com_deposito]])*3)+IF(Rel_2026[[#This Row],[qtd_cesta_serv]]>0,0*Rel_2026[[#This Row],[qtd_cesta_serv]])+IF(Rel_2026[[#This Row],[QTD_CARTAO_EMITIDO]]>0,0*Rel_2026[[#This Row],[QTD_CARTAO_EMITIDO]])+IF(Rel_2026[[#This Row],[QTD_SUPER_PROTEGIDO]]>0,0*Rel_2026[[#This Row],[QTD_SUPER_PROTEGIDO]])+IF(Rel_2026[[#This Row],[QTD_CONTAS_PJ]]>0,0*Rel_2026[[#This Row],[QTD_CONTAS_PJ]])+IF(Rel_2026[[#This Row],[QTD_MICRO_VIVAVIDA]]>0,1*Rel_2026[[#This Row],[QTD_MICRO_VIVAVIDA]])+IF(Rel_2026[[#This Row],[qtd_microsseguro]]>0,1*Rel_2026[[#This Row],[qtd_microsseguro]])+IF(Rel_2026[[#This Row],[QTD_SEG_RESIDENCIAL]]>0,1*Rel_2026[[#This Row],[QTD_SEG_RESIDENCIAL]])+IF(Rel_2026[[#This Row],[QTD_PLANO_ODONTO]]>0,1*Rel_2026[[#This Row],[QTD_PLANO_ODONTO]])+IF(Rel_2026[[#This Row],[vlr_lime]]>0,1*ROUND(Rel_2026[[#This Row],[vlr_lime]]/100,0))+ROUND(IF(Rel_2026[[#This Row],[VLR_CREDITO_PARCEL]]>500,1*Rel_2026[[#This Row],[VLR_CREDITO_PARCEL]]/500),0)+ROUND(Rel_2026[[#This Row],[vlr_consignado_total]]/1000,0)+ROUND(Rel_2026[[#This Row],[VLR_EXP_SORTE]]/50,0) -> 0 | AM44: =SUM(Rel_2026[[#This Row],[qtd_TrxContabil]:[VLR_EXP_SORTE]]) -> 248 | AN44: =IF(Rel_2026[[#This Row],[qtd_contas_com_deposito]]>0,7*Rel_2026[[#This Row],[qtd_contas_com_deposito]])+IF((Rel_2026[[#This Row],[qtd_contas]]-Rel_2026[[#This Row],[qtd_contas_com_deposito]])>0,(Rel_2026[[#This Row],[qtd_contas]]-Rel_2026[[#This Row],[qtd_contas_com_deposito]])*3)+IF(Rel_2026[[#This Row],[qtd_cesta_serv]]>0,3*Rel_2026[[#This Row],[qtd_cesta_serv]])+IF(Rel_2026[[#This Row],[QTD_CARTAO_EMITIDO]]>0,0*Rel_2026[[#This Row],[QTD_CARTAO_EMITIDO]])+IF(Rel_2026[[#This Row],[QTD_SUPER_PROTEGIDO]]>0,0*Rel_2026[[#This Row],[QTD_SUPER_PROTEGIDO]])+IF(Rel_2026[[#This Row],[QTD_CONTAS_PJ]]>0,0*Rel_2026[[#This Row],[QTD_CONTAS_PJ]])+IF(Rel_2026[[#This Row],[QTD_MICRO_VIVAVIDA]]>0,1*Rel_2026[[#This Row],[QTD_MICRO_VIVAVIDA]])+IF(Rel_2026[[#This Row],[qtd_microsseguro]]>0,1*Rel_2026[[#This Row],[qtd_microsseguro]])+IF(Rel_2026[[#This Row],[QTD_SEG_RESIDENCIAL]]>0,1*Rel_2026[[#This Row],[QTD_SEG_RESIDENCIAL]])+IF(Rel_2026[[#This Row],[QTD_PLANO_ODONTO]]>0,1*Rel_2026[[#This Row],[QTD_PLANO_ODONTO]])+IF(Rel_2026[[#This Row],[vlr_lime]]>0,1*ROUND(Rel_2026[[#This Row],[vlr_lime]]/100,0))+ROUND(IF(Rel_2026[[#This Row],[VLR_CREDITO_PARCEL]]>500,1*Rel_2026[[#This Row],[VLR_CREDITO_PARCEL]]/500),0)+ROUND(Rel_2026[[#This Row],[vlr_consignado_total]]/1000,0)+ROUND(Rel_2026[[#This Row],[VLR_EXP_SORTE]]/50,0) -> 0
A45: =IF(Rel_2026[[#This Row],[Zero]]=0,"Zero",IF(Rel_2026[[#This Row],[Pontuação]]>=10,"Sim",IF(Rel_2026[[#This Row],[Pontuação]]>=5,"Próximo","Não"))) -> Sim | B45: =IF(Rel_2026[[#This Row],[Zero]]=0,"Zero",IF(Rel_2026[[#This Row],[Pontuação2]]>=10,"Sim",IF(Rel_2026[[#This Row],[Pontuação2]]>=5,"Próximo","Não"))) -> Sim | C45: =IFERROR(VLOOKUP(Rel_2026[[#This Row],[chave_loja]],Responsavel!A:B,2,FALSE),"EUCLIDES") -> NYCOLLAS | D45: =LEFT(Rel_2026[[#This Row],[ag_pacb]],4) -> 5447 | E45: 75061 | F45: ESSENCIA VERDE | G45: 5447/069 | H45: 44347 | I45: CE | J45: APUIARES | K45: 42143 | L45: 45463 | M45: FORTALEZA OESTE | N45: 46254 | O45: 240 | P45: 4 | Q45: 2 | R45: 4 | S45: 0 | T45: 0 | U45: 343 | V45: 343 | W45: 0 | X45: 0 | Y45: 0 | Z45: 0 | AA45: 0 | AB45: 0 | AC45: 0 | AD45: 0 | AE45: 0 | AF45: 0 | AG45: 0 | AH45: Sim | AI45: Desbloqueado | AK45: TREINADO | AL45: =IF(Rel_2026[[#This Row],[qtd_contas_com_deposito]]>0,7*Rel_2026[[#This Row],[qtd_contas_com_deposito]])+IF((Rel_2026[[#This Row],[qtd_contas]]-Rel_2026[[#This Row],[qtd_contas_com_deposito]])>0,(Rel_2026[[#This Row],[qtd_contas]]-Rel_2026[[#This Row],[qtd_contas_com_deposito]])*3)+IF(Rel_2026[[#This Row],[qtd_cesta_serv]]>0,0*Rel_2026[[#This Row],[qtd_cesta_serv]])+IF(Rel_2026[[#This Row],[QTD_CARTAO_EMITIDO]]>0,0*Rel_2026[[#This Row],[QTD_CARTAO_EMITIDO]])+IF(Rel_2026[[#This Row],[QTD_SUPER_PROTEGIDO]]>0,0*Rel_2026[[#This Row],[QTD_SUPER_PROTEGIDO]])+IF(Rel_2026[[#This Row],[QTD_CONTAS_PJ]]>0,0*Rel_2026[[#This Row],[QTD_CONTAS_PJ]])+IF(Rel_2026[[#This Row],[QTD_MICRO_VIVAVIDA]]>0,1*Rel_2026[[#This Row],[QTD_MICRO_VIVAVIDA]])+IF(Rel_2026[[#This Row],[qtd_microsseguro]]>0,1*Rel_2026[[#This Row],[qtd_microsseguro]])+IF(Rel_2026[[#This Row],[QTD_SEG_RESIDENCIAL]]>0,1*Rel_2026[[#This Row],[QTD_SEG_RESIDENCIAL]])+IF(Rel_2026[[#This Row],[QTD_PLANO_ODONTO]]>0,1*Rel_2026[[#This Row],[QTD_PLANO_ODONTO]])+IF(Rel_2026[[#This Row],[vlr_lime]]>0,1*ROUND(Rel_2026[[#This Row],[vlr_lime]]/100,0))+ROUND(IF(Rel_2026[[#This Row],[VLR_CREDITO_PARCEL]]>500,1*Rel_2026[[#This Row],[VLR_CREDITO_PARCEL]]/500),0)+ROUND(Rel_2026[[#This Row],[vlr_consignado_total]]/1000,0)+ROUND(Rel_2026[[#This Row],[VLR_EXP_SORTE]]/50,0) -> 20 | AM45: =SUM(Rel_2026[[#This Row],[qtd_TrxContabil]:[VLR_EXP_SORTE]]) -> 936 | AN45: =IF(Rel_2026[[#This Row],[qtd_contas_com_deposito]]>0,7*Rel_2026[[#This Row],[qtd_contas_com_deposito]])+IF((Rel_2026[[#This Row],[qtd_contas]]-Rel_2026[[#This Row],[qtd_contas_com_deposito]])>0,(Rel_2026[[#This Row],[qtd_contas]]-Rel_2026[[#This Row],[qtd_contas_com_deposito]])*3)+IF(Rel_2026[[#This Row],[qtd_cesta_serv]]>0,3*Rel_2026[[#This Row],[qtd_cesta_serv]])+IF(Rel_2026[[#This Row],[QTD_CARTAO_EMITIDO]]>0,0*Rel_2026[[#This Row],[QTD_CARTAO_EMITIDO]])+IF(Rel_2026[[#This Row],[QTD_SUPER_PROTEGIDO]]>0,0*Rel_2026[[#This Row],[QTD_SUPER_PROTEGIDO]])+IF(Rel_2026[[#This Row],[QTD_CONTAS_PJ]]>0,0*Rel_2026[[#This Row],[QTD_CONTAS_PJ]])+IF(Rel_2026[[#This Row],[QTD_MICRO_VIVAVIDA]]>0,1*Rel_2026[[#This Row],[QTD_MICRO_VIVAVIDA]])+IF(Rel_2026[[#This Row],[qtd_microsseguro]]>0,1*Rel_2026[[#This Row],[qtd_microsseguro]])+IF(Rel_2026[[#This Row],[QTD_SEG_RESIDENCIAL]]>0,1*Rel_2026[[#This Row],[QTD_SEG_RESIDENCIAL]])+IF(Rel_2026[[#This Row],[QTD_PLANO_ODONTO]]>0,1*Rel_2026[[#This Row],[QTD_PLANO_ODONTO]])+IF(Rel_2026[[#This Row],[vlr_lime]]>0,1*ROUND(Rel_2026[[#This Row],[vlr_lime]]/100,0))+ROUND(IF(Rel_2026[[#This Row],[VLR_CREDITO_PARCEL]]>500,1*Rel_2026[[#This Row],[VLR_CREDITO_PARCEL]]/500),0)+ROUND(Rel_2026[[#This Row],[vlr_consignado_total]]/1000,0)+ROUND(Rel_2026[[#This Row],[VLR_EXP_SORTE]]/50,0) -> 32
A46: =IF(Rel_2026[[#This Row],[Zero]]=0,"Zero",IF(Rel_2026[[#This Row],[Pontuação]]>=10,"Sim",IF(Rel_2026[[#This Row],[Pontuação]]>=5,"Próximo","Não"))) -> Sim | B46: =IF(Rel_2026[[#This Row],[Zero]]=0,"Zero",IF(Rel_2026[[#This Row],[Pontuação2]]>=10,"Sim",IF(Rel_2026[[#This Row],[Pontuação2]]>=5,"Próximo","Não"))) -> Sim | C46: =IFERROR(VLOOKUP(Rel_2026[[#This Row],[chave_loja]],Responsavel!A:B,2,FALSE),"EUCLIDES") -> WASTHSON | D46: =LEFT(Rel_2026[[#This Row],[ag_pacb]],4) -> 5415 | E46: 159774 | F46: FARMACIA LUCILIA | G46: 5415/112 | H46: 45153 | I46: CE | J46: MASSAPE | K46: 42957 | L46: 46253 | M46: FORTALEZA OESTE | N46: 46254 | O46: 4259 | P46: 8 | Q46: 1 | R46: 6 | S46: 2 | T46: 2870 | U46: 0 | V46: 0 | W46: 0 | X46: 0 | Y46: 0 | Z46: 0 | AA46: 0 | AB46: 2 | AC46: 0 | AD46: 0 | AE46: 0 | AF46: 8 | AG46: 70 | AH46: Sim | AI46: Desbloqueado | AK46: TREINADO | AL46: =IF(Rel_2026[[#This Row],[qtd_contas_com_deposito]]>0,7*Rel_2026[[#This Row],[qtd_contas_com_deposito]])+IF((Rel_2026[[#This Row],[qtd_contas]]-Rel_2026[[#This Row],[qtd_contas_com_deposito]])>0,(Rel_2026[[#This Row],[qtd_contas]]-Rel_2026[[#This Row],[qtd_contas_com_deposito]])*3)+IF(Rel_2026[[#This Row],[qtd_cesta_serv]]>0,0*Rel_2026[[#This Row],[qtd_cesta_serv]])+IF(Rel_2026[[#This Row],[QTD_CARTAO_EMITIDO]]>0,0*Rel_2026[[#This Row],[QTD_CARTAO_EMITIDO]])+IF(Rel_2026[[#This Row],[QTD_SUPER_PROTEGIDO]]>0,0*Rel_2026[[#This Row],[QTD_SUPER_PROTEGIDO]])+IF(Rel_2026[[#This Row],[QTD_CONTAS_PJ]]>0,0*Rel_2026[[#This Row],[QTD_CONTAS_PJ]])+IF(Rel_2026[[#This Row],[QTD_MICRO_VIVAVIDA]]>0,1*Rel_2026[[#This Row],[QTD_MICRO_VIVAVIDA]])+IF(Rel_2026[[#This Row],[qtd_microsseguro]]>0,1*Rel_2026[[#This Row],[qtd_microsseguro]])+IF(Rel_2026[[#This Row],[QTD_SEG_RESIDENCIAL]]>0,1*Rel_2026[[#This Row],[QTD_SEG_RESIDENCIAL]])+IF(Rel_2026[[#This Row],[QTD_PLANO_ODONTO]]>0,1*Rel_2026[[#This Row],[QTD_PLANO_ODONTO]])+IF(Rel_2026[[#This Row],[vlr_lime]]>0,1*ROUND(Rel_2026[[#This Row],[vlr_lime]]/100,0))+ROUND(IF(Rel_2026[[#This Row],[VLR_CREDITO_PARCEL]]>500,1*Rel_2026[[#This Row],[VLR_CREDITO_PARCEL]]/500),0)+ROUND(Rel_2026[[#This Row],[vlr_consignado_total]]/1000,0)+ROUND(Rel_2026[[#This Row],[VLR_EXP_SORTE]]/50,0) -> 58 | AM46: =SUM(Rel_2026[[#This Row],[qtd_TrxContabil]:[VLR_EXP_SORTE]]) -> 7226 | AN46: =IF(Rel_2026[[#This Row],[qtd_contas_com_deposito]]>0,7*Rel_2026[[#This Row],[qtd_contas_com_deposito]])+IF((Rel_2026[[#This Row],[qtd_contas]]-Rel_2026[[#This Row],[qtd_contas_com_deposito]])>0,(Rel_2026[[#This Row],[qtd_contas]]-Rel_2026[[#This Row],[qtd_contas_com_deposito]])*3)+IF(Rel_2026[[#This Row],[qtd_cesta_serv]]>0,3*Rel_2026[[#This Row],[qtd_cesta_serv]])+IF(Rel_2026[[#This Row],[QTD_CARTAO_EMITIDO]]>0,0*Rel_2026[[#This Row],[QTD_CARTAO_EMITIDO]])+IF(Rel_2026[[#This Row],[QTD_SUPER_PROTEGIDO]]>0,0*Rel_2026[[#This Row],[QTD_SUPER_PROTEGIDO]])+IF(Rel_2026[[#This Row],[QTD_CONTAS_PJ]]>0,0*Rel_2026[[#This Row],[QTD_CONTAS_PJ]])+IF(Rel_2026[[#This Row],[QTD_MICRO_VIVAVIDA]]>0,1*Rel_2026[[#This Row],[QTD_MICRO_VIVAVIDA]])+IF(Rel_2026[[#This Row],[qtd_microsseguro]]>0,1*Rel_2026[[#This Row],[qtd_microsseguro]])+IF(Rel_2026[[#This Row],[QTD_SEG_RESIDENCIAL]]>0,1*Rel_2026[[#This Row],[QTD_SEG_RESIDENCIAL]])+IF(Rel_2026[[#This Row],[QTD_PLANO_ODONTO]]>0,1*Rel_2026[[#This Row],[QTD_PLANO_ODONTO]])+IF(Rel_2026[[#This Row],[vlr_lime]]>0,1*ROUND(Rel_2026[[#This Row],[vlr_lime]]/100,0))+ROUND(IF(Rel_2026[[#This Row],[VLR_CREDITO_PARCEL]]>500,1*Rel_2026[[#This Row],[VLR_CREDITO_PARCEL]]/500),0)+ROUND(Rel_2026[[#This Row],[vlr_consignado_total]]/1000,0)+ROUND(Rel_2026[[#This Row],[VLR_EXP_SORTE]]/50,0) -> 76
A47: =IF(Rel_2026[[#This Row],[Zero]]=0,"Zero",IF(Rel_2026[[#This Row],[Pontuação]]>=10,"Sim",IF(Rel_2026[[#This Row],[Pontuação]]>=5,"Próximo","Não"))) -> Não | B47: =IF(Rel_2026[[#This Row],[Zero]]=0,"Zero",IF(Rel_2026[[#This Row],[Pontuação2]]>=10,"Sim",IF(Rel_2026[[#This Row],[Pontuação2]]>=5,"Próximo","Não"))) -> Não | C47: =IFERROR(VLOOKUP(Rel_2026[[#This Row],[chave_loja]],Responsavel!A:B,2,FALSE),"EUCLIDES") -> GIL | D47: =LEFT(Rel_2026[[#This Row],[ag_pacb]],4) -> 5387 | E47: 409626 | F47: Drogaria Magalhaes | G47: 5387/143 | H47: 45701 | I47: CE | J47: URUOCA | K47: 45695 | L47: 45821 | M47: FORTALEZA OESTE | N47: 46253 | O47: 207 | P47: 0 | Q47: 0 | R47: 0 | S47: 0 | T47: 0 | U47: 0 | V47: 0 | W47: 0 | X47: 0 | Y47: 0 | Z47: 0 | AA47: 0 | AB47: 0 | AC47: 0 | AD47: 0 | AE47: 0 | AF47: 0 | AG47: 0 | AH47: Sim | AI47: Desbloqueado | AK47: TREINADO | AL47: =IF(Rel_2026[[#This Row],[qtd_contas_com_deposito]]>0,7*Rel_2026[[#This Row],[qtd_contas_com_deposito]])+IF((Rel_2026[[#This Row],[qtd_contas]]-Rel_2026[[#This Row],[qtd_contas_com_deposito]])>0,(Rel_2026[[#This Row],[qtd_contas]]-Rel_2026[[#This Row],[qtd_contas_com_deposito]])*3)+IF(Rel_2026[[#This Row],[qtd_cesta_serv]]>0,0*Rel_2026[[#This Row],[qtd_cesta_serv]])+IF(Rel_2026[[#This Row],[QTD_CARTAO_EMITIDO]]>0,0*Rel_2026[[#This Row],[QTD_CARTAO_EMITIDO]])+IF(Rel_2026[[#This Row],[QTD_SUPER_PROTEGIDO]]>0,0*Rel_2026[[#This Row],[QTD_SUPER_PROTEGIDO]])+IF(Rel_2026[[#This Row],[QTD_CONTAS_PJ]]>0,0*Rel_2026[[#This Row],[QTD_CONTAS_PJ]])+IF(Rel_2026[[#This Row],[QTD_MICRO_VIVAVIDA]]>0,1*Rel_2026[[#This Row],[QTD_MICRO_VIVAVIDA]])+IF(Rel_2026[[#This Row],[qtd_microsseguro]]>0,1*Rel_2026[[#This Row],[qtd_microsseguro]])+IF(Rel_2026[[#This Row],[QTD_SEG_RESIDENCIAL]]>0,1*Rel_2026[[#This Row],[QTD_SEG_RESIDENCIAL]])+IF(Rel_2026[[#This Row],[QTD_PLANO_ODONTO]]>0,1*Rel_2026[[#This Row],[QTD_PLANO_ODONTO]])+IF(Rel_2026[[#This Row],[vlr_lime]]>0,1*ROUND(Rel_2026[[#This Row],[vlr_lime]]/100,0))+ROUND(IF(Rel_2026[[#This Row],[VLR_CREDITO_PARCEL]]>500,1*Rel_2026[[#This Row],[VLR_CREDITO_PARCEL]]/500),0)+ROUND(Rel_2026[[#This Row],[vlr_consignado_total]]/1000,0)+ROUND(Rel_2026[[#This Row],[VLR_EXP_SORTE]]/50,0) -> 0 | AM47: =SUM(Rel_2026[[#This Row],[qtd_TrxContabil]:[VLR_EXP_SORTE]]) -> 207 | AN47: =IF(Rel_2026[[#This Row],[qtd_contas_com_deposito]]>0,7*Rel_2026[[#This Row],[qtd_contas_com_deposito]])+IF((Rel_2026[[#This Row],[qtd_contas]]-Rel_2026[[#This Row],[qtd_contas_com_deposito]])>0,(Rel_2026[[#This Row],[qtd_contas]]-Rel_2026[[#This Row],[qtd_contas_com_deposito]])*3)+IF(Rel_2026[[#This Row],[qtd_cesta_serv]]>0,3*Rel_2026[[#This Row],[qtd_cesta_serv]])+IF(Rel_2026[[#This Row],[QTD_CARTAO_EMITIDO]]>0,0*Rel_2026[[#This Row],[QTD_CARTAO_EMITIDO]])+IF(Rel_2026[[#This Row],[QTD_SUPER_PROTEGIDO]]>0,0*Rel_2026[[#This Row],[QTD_SUPER_PROTEGIDO]])+IF(Rel_2026[[#This Row],[QTD_CONTAS_PJ]]>0,0*Rel_2026[[#This Row],[QTD_CONTAS_PJ]])+IF(Rel_2026[[#This Row],[QTD_MICRO_VIVAVIDA]]>0,1*Rel_2026[[#This Row],[QTD_MICRO_VIVAVIDA]])+IF(Rel_2026[[#This Row],[qtd_microsseguro]]>0,1*Rel_2026[[#This Row],[qtd_microsseguro]])+IF(Rel_2026[[#This Row],[QTD_SEG_RESIDENCIAL]]>0,1*Rel_2026[[#This Row],[QTD_SEG_RESIDENCIAL]])+IF(Rel_2026[[#This Row],[QTD_PLANO_ODONTO]]>0,1*Rel_2026[[#This Row],[QTD_PLANO_ODONTO]])+IF(Rel_2026[[#This Row],[vlr_lime]]>0,1*ROUND(Rel_2026[[#This Row],[vlr_lime]]/100,0))+ROUND(IF(Rel_2026[[#This Row],[VLR_CREDITO_PARCEL]]>500,1*Rel_2026[[#This Row],[VLR_CREDITO_PARCEL]]/500),0)+ROUND(Rel_2026[[#This Row],[vlr_consignado_total]]/1000,0)+ROUND(Rel_2026[[#This Row],[VLR_EXP_SORTE]]/50,0) -> 0
A48: =IF(Rel_2026[[#This Row],[Zero]]=0,"Zero",IF(Rel_2026[[#This Row],[Pontuação]]>=10,"Sim",IF(Rel_2026[[#This Row],[Pontuação]]>=5,"Próximo","Não"))) -> Zero | B48: =IF(Rel_2026[[#This Row],[Zero]]=0,"Zero",IF(Rel_2026[[#This Row],[Pontuação2]]>=10,"Sim",IF(Rel_2026[[#This Row],[Pontuação2]]>=5,"Próximo","Não"))) -> Zero | C48: =IFERROR(VLOOKUP(Rel_2026[[#This Row],[chave_loja]],Responsavel!A:B,2,FALSE),"EUCLIDES") -> NYCOLLAS | D48: =LEFT(Rel_2026[[#This Row],[ag_pacb]],4) -> 0719 | E48: 416386 | F48: Mercantil O Legal | G48: 0719/189 | H48: 45905 | I48: CE | J48: IRAUCUBA | K48: 45896 | L48: 45925 | M48: FORTALEZA OESTE | N48: 46147 | O48: 0 | P48: 0 | Q48: 0 | R48: 0 | S48: 0 | T48: 0 | U48: 0 | V48: 0 | W48: 0 | X48: 0 | Y48: 0 | Z48: 0 | AA48: 0 | AB48: 0 | AC48: 0 | AD48: 0 | AE48: 0 | AF48: 0 | AG48: 0 | AH48: Sim | AI48: Bloqueado | AJ48: 46168 | AK48: TREINADO | AL48: =IF(Rel_2026[[#This Row],[qtd_contas_com_deposito]]>0,7*Rel_2026[[#This Row],[qtd_contas_com_deposito]])+IF((Rel_2026[[#This Row],[qtd_contas]]-Rel_2026[[#This Row],[qtd_contas_com_deposito]])>0,(Rel_2026[[#This Row],[qtd_contas]]-Rel_2026[[#This Row],[qtd_contas_com_deposito]])*3)+IF(Rel_2026[[#This Row],[qtd_cesta_serv]]>0,0*Rel_2026[[#This Row],[qtd_cesta_serv]])+IF(Rel_2026[[#This Row],[QTD_CARTAO_EMITIDO]]>0,0*Rel_2026[[#This Row],[QTD_CARTAO_EMITIDO]])+IF(Rel_2026[[#This Row],[QTD_SUPER_PROTEGIDO]]>0,0*Rel_2026[[#This Row],[QTD_SUPER_PROTEGIDO]])+IF(Rel_2026[[#This Row],[QTD_CONTAS_PJ]]>0,0*Rel_2026[[#This Row],[QTD_CONTAS_PJ]])+IF(Rel_2026[[#This Row],[QTD_MICRO_VIVAVIDA]]>0,1*Rel_2026[[#This Row],[QTD_MICRO_VIVAVIDA]])+IF(Rel_2026[[#This Row],[qtd_microsseguro]]>0,1*Rel_2026[[#This Row],[qtd_microsseguro]])+IF(Rel_2026[[#This Row],[QTD_SEG_RESIDENCIAL]]>0,1*Rel_2026[[#This Row],[QTD_SEG_RESIDENCIAL]])+IF(Rel_2026[[#This Row],[QTD_PLANO_ODONTO]]>0,1*Rel_2026[[#This Row],[QTD_PLANO_ODONTO]])+IF(Rel_2026[[#This Row],[vlr_lime]]>0,1*ROUND(Rel_2026[[#This Row],[vlr_lime]]/100,0))+ROUND(IF(Rel_2026[[#This Row],[VLR_CREDITO_PARCEL]]>500,1*Rel_2026[[#This Row],[VLR_CREDITO_PARCEL]]/500),0)+ROUND(Rel_2026[[#This Row],[vlr_consignado_total]]/1000,0)+ROUND(Rel_2026[[#This Row],[VLR_EXP_SORTE]]/50,0) -> 0 | AM48: =SUM(Rel_2026[[#This Row],[qtd_TrxContabil]:[VLR_EXP_SORTE]]) -> 0 | AN48: =IF(Rel_2026[[#This Row],[qtd_contas_com_deposito]]>0,7*Rel_2026[[#This Row],[qtd_contas_com_deposito]])+IF((Rel_2026[[#This Row],[qtd_contas]]-Rel_2026[[#This Row],[qtd_contas_com_deposito]])>0,(Rel_2026[[#This Row],[qtd_contas]]-Rel_2026[[#This Row],[qtd_contas_com_deposito]])*3)+IF(Rel_2026[[#This Row],[qtd_cesta_serv]]>0,3*Rel_2026[[#This Row],[qtd_cesta_serv]])+IF(Rel_2026[[#This Row],[QTD_CARTAO_EMITIDO]]>0,0*Rel_2026[[#This Row],[QTD_CARTAO_EMITIDO]])+IF(Rel_2026[[#This Row],[QTD_SUPER_PROTEGIDO]]>0,0*Rel_2026[[#This Row],[QTD_SUPER_PROTEGIDO]])+IF(Rel_2026[[#This Row],[QTD_CONTAS_PJ]]>0,0*Rel_2026[[#This Row],[QTD_CONTAS_PJ]])+IF(Rel_2026[[#This Row],[QTD_MICRO_VIVAVIDA]]>0,1*Rel_2026[[#This Row],[QTD_MICRO_VIVAVIDA]])+IF(Rel_2026[[#This Row],[qtd_microsseguro]]>0,1*Rel_2026[[#This Row],[qtd_microsseguro]])+IF(Rel_2026[[#This Row],[QTD_SEG_RESIDENCIAL]]>0,1*Rel_2026[[#This Row],[QTD_SEG_RESIDENCIAL]])+IF(Rel_2026[[#This Row],[QTD_PLANO_ODONTO]]>0,1*Rel_2026[[#This Row],[QTD_PLANO_ODONTO]])+IF(Rel_2026[[#This Row],[vlr_lime]]>0,1*ROUND(Rel_2026[[#This Row],[vlr_lime]]/100,0))+ROUND(IF(Rel_2026[[#This Row],[VLR_CREDITO_PARCEL]]>500,1*Rel_2026[[#This Row],[VLR_CREDITO_PARCEL]]/500),0)+ROUND(Rel_2026[[#This Row],[vlr_consignado_total]]/1000,0)+ROUND(Rel_2026[[#This Row],[VLR_EXP_SORTE]]/50,0) -> 0
A49: =IF(Rel_2026[[#This Row],[Zero]]=0,"Zero",IF(Rel_2026[[#This Row],[Pontuação]]>=10,"Sim",IF(Rel_2026[[#This Row],[Pontuação]]>=5,"Próximo","Não"))) -> Não | B49: =IF(Rel_2026[[#This Row],[Zero]]=0,"Zero",IF(Rel_2026[[#This Row],[Pontuação2]]>=10,"Sim",IF(Rel_2026[[#This Row],[Pontuação2]]>=5,"Próximo","Não"))) -> Não | C49: =IFERROR(VLOOKUP(Rel_2026[[#This Row],[chave_loja]],Responsavel!A:B,2,FALSE),"EUCLIDES") -> DARIO | D49: =LEFT(Rel_2026[[#This Row],[ag_pacb]],4) -> 0703 | E49: 416423 | F49: C.s.f Seguranca Eletronica | G49: 0703/214 | H49: 45902 | I49: CE | J49: IRACEMA | K49: 45896 | L49: 45957 | M49: FORTALEZA LESTE | N49: 46254 | O49: 357 | P49: 0 | Q49: 0 | R49: 0 | S49: 0 | T49: 0 | U49: 0 | V49: 0 | W49: 0 | X49: 0 | Y49: 0 | Z49: 0 | AA49: 0 | AB49: 0 | AC49: 0 | AD49: 0 | AE49: 0 | AF49: 0 | AG49: 0 | AH49: Nao | AI49: Desbloqueado | AK49: TREINADO | AL49: =IF(Rel_2026[[#This Row],[qtd_contas_com_deposito]]>0,7*Rel_2026[[#This Row],[qtd_contas_com_deposito]])+IF((Rel_2026[[#This Row],[qtd_contas]]-Rel_2026[[#This Row],[qtd_contas_com_deposito]])>0,(Rel_2026[[#This Row],[qtd_contas]]-Rel_2026[[#This Row],[qtd_contas_com_deposito]])*3)+IF(Rel_2026[[#This Row],[qtd_cesta_serv]]>0,0*Rel_2026[[#This Row],[qtd_cesta_serv]])+IF(Rel_2026[[#This Row],[QTD_CARTAO_EMITIDO]]>0,0*Rel_2026[[#This Row],[QTD_CARTAO_EMITIDO]])+IF(Rel_2026[[#This Row],[QTD_SUPER_PROTEGIDO]]>0,0*Rel_2026[[#This Row],[QTD_SUPER_PROTEGIDO]])+IF(Rel_2026[[#This Row],[QTD_CONTAS_PJ]]>0,0*Rel_2026[[#This Row],[QTD_CONTAS_PJ]])+IF(Rel_2026[[#This Row],[QTD_MICRO_VIVAVIDA]]>0,1*Rel_2026[[#This Row],[QTD_MICRO_VIVAVIDA]])+IF(Rel_2026[[#This Row],[qtd_microsseguro]]>0,1*Rel_2026[[#This Row],[qtd_microsseguro]])+IF(Rel_2026[[#This Row],[QTD_SEG_RESIDENCIAL]]>0,1*Rel_2026[[#This Row],[QTD_SEG_RESIDENCIAL]])+IF(Rel_2026[[#This Row],[QTD_PLANO_ODONTO]]>0,1*Rel_2026[[#This Row],[QTD_PLANO_ODONTO]])+IF(Rel_2026[[#This Row],[vlr_lime]]>0,1*ROUND(Rel_2026[[#This Row],[vlr_lime]]/100,0))+ROUND(IF(Rel_2026[[#This Row],[VLR_CREDITO_PARCEL]]>500,1*Rel_2026[[#This Row],[VLR_CREDITO_PARCEL]]/500),0)+ROUND(Rel_2026[[#This Row],[vlr_consignado_total]]/1000,0)+ROUND(Rel_2026[[#This Row],[VLR_EXP_SORTE]]/50,0) -> 0 | AM49: =SUM(Rel_2026[[#This Row],[qtd_TrxContabil]:[VLR_EXP_SORTE]]) -> 357 | AN49: =IF(Rel_2026[[#This Row],[qtd_contas_com_deposito]]>0,7*Rel_2026[[#This Row],[qtd_contas_com_deposito]])+IF((Rel_2026[[#This Row],[qtd_contas]]-Rel_2026[[#This Row],[qtd_contas_com_deposito]])>0,(Rel_2026[[#This Row],[qtd_contas]]-Rel_2026[[#This Row],[qtd_contas_com_deposito]])*3)+IF(Rel_2026[[#This Row],[qtd_cesta_serv]]>0,3*Rel_2026[[#This Row],[qtd_cesta_serv]])+IF(Rel_2026[[#This Row],[QTD_CARTAO_EMITIDO]]>0,0*Rel_2026[[#This Row],[QTD_CARTAO_EMITIDO]])+IF(Rel_2026[[#This Row],[QTD_SUPER_PROTEGIDO]]>0,0*Rel_2026[[#This Row],[QTD_SUPER_PROTEGIDO]])+IF(Rel_2026[[#This Row],[QTD_CONTAS_PJ]]>0,0*Rel_2026[[#This Row],[QTD_CONTAS_PJ]])+IF(Rel_2026[[#This Row],[QTD_MICRO_VIVAVIDA]]>0,1*Rel_2026[[#This Row],[QTD_MICRO_VIVAVIDA]])+IF(Rel_2026[[#This Row],[qtd_microsseguro]]>0,1*Rel_2026[[#This Row],[qtd_microsseguro]])+IF(Rel_2026[[#This Row],[QTD_SEG_RESIDENCIAL]]>0,1*Rel_2026[[#This Row],[QTD_SEG_RESIDENCIAL]])+IF(Rel_2026[[#This Row],[QTD_PLANO_ODONTO]]>0,1*Rel_2026[[#This Row],[QTD_PLANO_ODONTO]])+IF(Rel_2026[[#This Row],[vlr_lime]]>0,1*ROUND(Rel_2026[[#This Row],[vlr_lime]]/100,0))+ROUND(IF(Rel_2026[[#This Row],[VLR_CREDITO_PARCEL]]>500,1*Rel_2026[[#This Row],[VLR_CREDITO_PARCEL]]/500),0)+ROUND(Rel_2026[[#This Row],[vlr_consignado_total]]/1000,0)+ROUND(Rel_2026[[#This Row],[VLR_EXP_SORTE]]/50,0) -> 0
A50: =IF(Rel_2026[[#This Row],[Zero]]=0,"Zero",IF(Rel_2026[[#This Row],[Pontuação]]>=10,"Sim",IF(Rel_2026[[#This Row],[Pontuação]]>=5,"Próximo","Não"))) -> Sim | B50: =IF(Rel_2026[[#This Row],[Zero]]=0,"Zero",IF(Rel_2026[[#This Row],[Pontuação2]]>=10,"Sim",IF(Rel_2026[[#This Row],[Pontuação2]]>=5,"Próximo","Não"))) -> Sim | C50: =IFERROR(VLOOKUP(Rel_2026[[#This Row],[chave_loja]],Responsavel!A:B,2,FALSE),"EUCLIDES") -> ISMAEL | D50: =LEFT(Rel_2026[[#This Row],[ag_pacb]],4) -> 1302 | E50: 138153 | F50: MERCADINHO BELA VISTA | G50: 1302/217 | H50: 45125 | I50: CE | J50: PARAMOTI | K50: 42138 | L50: 46183 | M50: FORTALEZA OESTE | N50: 46254 | O50: 631 | P50: 4 | Q50: 4 | R50: 4 | S50: 1 | T50: 0 | U50: 0 | V50: 0 | W50: 0 | X50: 0 | Y50: 0 | Z50: 0 | AA50: 0 | AB50: 1 | AC50: 0 | AD50: 0 | AE50: 0 | AF50: 4 | AG50: 0 | AH50: Sim | AI50: Desbloqueado | AK50: TREINADO | AL50: =IF(Rel_2026[[#This Row],[qtd_contas_com_deposito]]>0,7*Rel_2026[[#This Row],[qtd_contas_com_deposito]])+IF((Rel_2026[[#This Row],[qtd_contas]]-Rel_2026[[#This Row],[qtd_contas_com_deposito]])>0,(Rel_2026[[#This Row],[qtd_contas]]-Rel_2026[[#This Row],[qtd_contas_com_deposito]])*3)+IF(Rel_2026[[#This Row],[qtd_cesta_serv]]>0,0*Rel_2026[[#This Row],[qtd_cesta_serv]])+IF(Rel_2026[[#This Row],[QTD_CARTAO_EMITIDO]]>0,0*Rel_2026[[#This Row],[QTD_CARTAO_EMITIDO]])+IF(Rel_2026[[#This Row],[QTD_SUPER_PROTEGIDO]]>0,0*Rel_2026[[#This Row],[QTD_SUPER_PROTEGIDO]])+IF(Rel_2026[[#This Row],[QTD_CONTAS_PJ]]>0,0*Rel_2026[[#This Row],[QTD_CONTAS_PJ]])+IF(Rel_2026[[#This Row],[QTD_MICRO_VIVAVIDA]]>0,1*Rel_2026[[#This Row],[QTD_MICRO_VIVAVIDA]])+IF(Rel_2026[[#This Row],[qtd_microsseguro]]>0,1*Rel_2026[[#This Row],[qtd_microsseguro]])+IF(Rel_2026[[#This Row],[QTD_SEG_RESIDENCIAL]]>0,1*Rel_2026[[#This Row],[QTD_SEG_RESIDENCIAL]])+IF(Rel_2026[[#This Row],[QTD_PLANO_ODONTO]]>0,1*Rel_2026[[#This Row],[QTD_PLANO_ODONTO]])+IF(Rel_2026[[#This Row],[vlr_lime]]>0,1*ROUND(Rel_2026[[#This Row],[vlr_lime]]/100,0))+ROUND(IF(Rel_2026[[#This Row],[VLR_CREDITO_PARCEL]]>500,1*Rel_2026[[#This Row],[VLR_CREDITO_PARCEL]]/500),0)+ROUND(Rel_2026[[#This Row],[vlr_consignado_total]]/1000,0)+ROUND(Rel_2026[[#This Row],[VLR_EXP_SORTE]]/50,0) -> 28 | AM50: =SUM(Rel_2026[[#This Row],[qtd_TrxContabil]:[VLR_EXP_SORTE]]) -> 649 | AN50: =IF(Rel_2026[[#This Row],[qtd_contas_com_deposito]]>0,7*Rel_2026[[#This Row],[qtd_contas_com_deposito]])+IF((Rel_2026[[#This Row],[qtd_contas]]-Rel_2026[[#This Row],[qtd_contas_com_deposito]])>0,(Rel_2026[[#This Row],[qtd_contas]]-Rel_2026[[#This Row],[qtd_contas_com_deposito]])*3)+IF(Rel_2026[[#This Row],[qtd_cesta_serv]]>0,3*Rel_2026[[#This Row],[qtd_cesta_serv]])+IF(Rel_2026[[#This Row],[QTD_CARTAO_EMITIDO]]>0,0*Rel_2026[[#This Row],[QTD_CARTAO_EMITIDO]])+IF(Rel_2026[[#This Row],[QTD_SUPER_PROTEGIDO]]>0,0*Rel_2026[[#This Row],[QTD_SUPER_PROTEGIDO]])+IF(Rel_2026[[#This Row],[QTD_CONTAS_PJ]]>0,0*Rel_2026[[#This Row],[QTD_CONTAS_PJ]])+IF(Rel_2026[[#This Row],[QTD_MICRO_VIVAVIDA]]>0,1*Rel_2026[[#This Row],[QTD_MICRO_VIVAVIDA]])+IF(Rel_2026[[#This Row],[qtd_microsseguro]]>0,1*Rel_2026[[#This Row],[qtd_microsseguro]])+IF(Rel_2026[[#This Row],[QTD_SEG_RESIDENCIAL]]>0,1*Rel_2026[[#This Row],[QTD_SEG_RESIDENCIAL]])+IF(Rel_2026[[#This Row],[QTD_PLANO_ODONTO]]>0,1*Rel_2026[[#This Row],[QTD_PLANO_ODONTO]])+IF(Rel_2026[[#This Row],[vlr_lime]]>0,1*ROUND(Rel_2026[[#This Row],[vlr_lime]]/100,0))+ROUND(IF(Rel_2026[[#This Row],[VLR_CREDITO_PARCEL]]>500,1*Rel_2026[[#This Row],[VLR_CREDITO_PARCEL]]/500),0)+ROUND(Rel_2026[[#This Row],[vlr_consignado_total]]/1000,0)+ROUND(Rel_2026[[#This Row],[VLR_EXP_SORTE]]/50,0) -> 40
A51: =IF(Rel_2026[[#This Row],[Zero]]=0,"Zero",IF(Rel_2026[[#This Row],[Pontuação]]>=10,"Sim",IF(Rel_2026[[#This Row],[Pontuação]]>=5,"Próximo","Não"))) -> Não | B51: =IF(Rel_2026[[#This Row],[Zero]]=0,"Zero",IF(Rel_2026[[#This Row],[Pontuação2]]>=10,"Sim",IF(Rel_2026[[#This Row],[Pontuação2]]>=5,"Próximo","Não"))) -> Não | C51: =IFERROR(VLOOKUP(Rel_2026[[#This Row],[chave_loja]],Responsavel!A:B,2,FALSE),"EUCLIDES") -> JUNIOR | D51: =LEFT(Rel_2026[[#This Row],[ag_pacb]],4) -> 5367 | E51: 410779 | F51: Jca Moda E Variedades | G51: 5367/170 | H51: 45756 | I51: CE | J51: MORRINHOS | K51: 45741 | L51: 45763 | M51: FORTALEZA OESTE | N51: 46254 | O51: 592 | P51: 0 | Q51: 0 | R51: 0 | S51: 0 | T51: 0 | U51: 0 | V51: 0 | W51: 0 | X51: 0 | Y51: 0 | Z51: 0 | AA51: 0 | AB51: 0 | AC51: 0 | AD51: 0 | AE51: 0 | AF51: 0 | AG51: 0 | AH51: Nao | AI51: Desbloqueado | AK51: TREINADO | AL51: =IF(Rel_2026[[#This Row],[qtd_contas_com_deposito]]>0,7*Rel_2026[[#This Row],[qtd_contas_com_deposito]])+IF((Rel_2026[[#This Row],[qtd_contas]]-Rel_2026[[#This Row],[qtd_contas_com_deposito]])>0,(Rel_2026[[#This Row],[qtd_contas]]-Rel_2026[[#This Row],[qtd_contas_com_deposito]])*3)+IF(Rel_2026[[#This Row],[qtd_cesta_serv]]>0,0*Rel_2026[[#This Row],[qtd_cesta_serv]])+IF(Rel_2026[[#This Row],[QTD_CARTAO_EMITIDO]]>0,0*Rel_2026[[#This Row],[QTD_CARTAO_EMITIDO]])+IF(Rel_2026[[#This Row],[QTD_SUPER_PROTEGIDO]]>0,0*Rel_2026[[#This Row],[QTD_SUPER_PROTEGIDO]])+IF(Rel_2026[[#This Row],[QTD_CONTAS_PJ]]>0,0*Rel_2026[[#This Row],[QTD_CONTAS_PJ]])+IF(Rel_2026[[#This Row],[QTD_MICRO_VIVAVIDA]]>0,1*Rel_2026[[#This Row],[QTD_MICRO_VIVAVIDA]])+IF(Rel_2026[[#This Row],[qtd_microsseguro]]>0,1*Rel_2026[[#This Row],[qtd_microsseguro]])+IF(Rel_2026[[#This Row],[QTD_SEG_RESIDENCIAL]]>0,1*Rel_2026[[#This Row],[QTD_SEG_RESIDENCIAL]])+IF(Rel_2026[[#This Row],[QTD_PLANO_ODONTO]]>0,1*Rel_2026[[#This Row],[QTD_PLANO_ODONTO]])+IF(Rel_2026[[#This Row],[vlr_lime]]>0,1*ROUND(Rel_2026[[#This Row],[vlr_lime]]/100,0))+ROUND(IF(Rel_2026[[#This Row],[VLR_CREDITO_PARCEL]]>500,1*Rel_2026[[#This Row],[VLR_CREDITO_PARCEL]]/500),0)+ROUND(Rel_2026[[#This Row],[vlr_consignado_total]]/1000,0)+ROUND(Rel_2026[[#This Row],[VLR_EXP_SORTE]]/50,0) -> 0 | AM51: =SUM(Rel_2026[[#This Row],[qtd_TrxContabil]:[VLR_EXP_SORTE]]) -> 592 | AN51: =IF(Rel_2026[[#This Row],[qtd_contas_com_deposito]]>0,7*Rel_2026[[#This Row],[qtd_contas_com_deposito]])+IF((Rel_2026[[#This Row],[qtd_contas]]-Rel_2026[[#This Row],[qtd_contas_com_deposito]])>0,(Rel_2026[[#This Row],[qtd_contas]]-Rel_2026[[#This Row],[qtd_contas_com_deposito]])*3)+IF(Rel_2026[[#This Row],[qtd_cesta_serv]]>0,3*Rel_2026[[#This Row],[qtd_cesta_serv]])+IF(Rel_2026[[#This Row],[QTD_CARTAO_EMITIDO]]>0,0*Rel_2026[[#This Row],[QTD_CARTAO_EMITIDO]])+IF(Rel_2026[[#This Row],[QTD_SUPER_PROTEGIDO]]>0,0*Rel_2026[[#This Row],[QTD_SUPER_PROTEGIDO]])+IF(Rel_2026[[#This Row],[QTD_CONTAS_PJ]]>0,0*Rel_2026[[#This Row],[QTD_CONTAS_PJ]])+IF(Rel_2026[[#This Row],[QTD_MICRO_VIVAVIDA]]>0,1*Rel_2026[[#This Row],[QTD_MICRO_VIVAVIDA]])+IF(Rel_2026[[#This Row],[qtd_microsseguro]]>0,1*Rel_2026[[#This Row],[qtd_microsseguro]])+IF(Rel_2026[[#This Row],[QTD_SEG_RESIDENCIAL]]>0,1*Rel_2026[[#This Row],[QTD_SEG_RESIDENCIAL]])+IF(Rel_2026[[#This Row],[QTD_PLANO_ODONTO]]>0,1*Rel_2026[[#This Row],[QTD_PLANO_ODONTO]])+IF(Rel_2026[[#This Row],[vlr_lime]]>0,1*ROUND(Rel_2026[[#This Row],[vlr_lime]]/100,0))+ROUND(IF(Rel_2026[[#This Row],[VLR_CREDITO_PARCEL]]>500,1*Rel_2026[[#This Row],[VLR_CREDITO_PARCEL]]/500),0)+ROUND(Rel_2026[[#This Row],[vlr_consignado_total]]/1000,0)+ROUND(Rel_2026[[#This Row],[VLR_EXP_SORTE]]/50,0) -> 0
A52: =IF(Rel_2026[[#This Row],[Zero]]=0,"Zero",IF(Rel_2026[[#This Row],[Pontuação]]>=10,"Sim",IF(Rel_2026[[#This Row],[Pontuação]]>=5,"Próximo","Não"))) -> Zero | B52: =IF(Rel_2026[[#This Row],[Zero]]=0,"Zero",IF(Rel_2026[[#This Row],[Pontuação2]]>=10,"Sim",IF(Rel_2026[[#This Row],[Pontuação2]]>=5,"Próximo","Não"))) -> Zero | C52: =IFERROR(VLOOKUP(Rel_2026[[#This Row],[chave_loja]],Responsavel!A:B,2,FALSE),"EUCLIDES") -> CÉLIO | D52: =LEFT(Rel_2026[[#This Row],[ag_pacb]],4) -> 1579 | E52: 216070 | F52: TOP MOVEIS LJ MARANGUAPE 14 | G52: 1579/190 | H52: 45139 | I52: CE | J52: MARANGUAPE | K52: 45306 | L52: 44321 | M52: FORTALEZA OESTE | N52: 46170 | O52: 0 | P52: 0 | Q52: 0 | R52: 0 | S52: 0 | T52: 0 | U52: 0 | V52: 0 | W52: 0 | X52: 0 | Y52: 0 | Z52: 0 | AA52: 0 | AB52: 0 | AC52: 0 | AD52: 0 | AE52: 0 | AF52: 0 | AG52: 0 | AH52: Nao | AI52: Desbloqueado | AK52: TREINADO | AL52: =IF(Rel_2026[[#This Row],[qtd_contas_com_deposito]]>0,7*Rel_2026[[#This Row],[qtd_contas_com_deposito]])+IF((Rel_2026[[#This Row],[qtd_contas]]-Rel_2026[[#This Row],[qtd_contas_com_deposito]])>0,(Rel_2026[[#This Row],[qtd_contas]]-Rel_2026[[#This Row],[qtd_contas_com_deposito]])*3)+IF(Rel_2026[[#This Row],[qtd_cesta_serv]]>0,0*Rel_2026[[#This Row],[qtd_cesta_serv]])+IF(Rel_2026[[#This Row],[QTD_CARTAO_EMITIDO]]>0,0*Rel_2026[[#This Row],[QTD_CARTAO_EMITIDO]])+IF(Rel_2026[[#This Row],[QTD_SUPER_PROTEGIDO]]>0,0*Rel_2026[[#This Row],[QTD_SUPER_PROTEGIDO]])+IF(Rel_2026[[#This Row],[QTD_CONTAS_PJ]]>0,0*Rel_2026[[#This Row],[QTD_CONTAS_PJ]])+IF(Rel_2026[[#This Row],[QTD_MICRO_VIVAVIDA]]>0,1*Rel_2026[[#This Row],[QTD_MICRO_VIVAVIDA]])+IF(Rel_2026[[#This Row],[qtd_microsseguro]]>0,1*Rel_2026[[#This Row],[qtd_microsseguro]])+IF(Rel_2026[[#This Row],[QTD_SEG_RESIDENCIAL]]>0,1*Rel_2026[[#This Row],[QTD_SEG_RESIDENCIAL]])+IF(Rel_2026[[#This Row],[QTD_PLANO_ODONTO]]>0,1*Rel_2026[[#This Row],[QTD_PLANO_ODONTO]])+IF(Rel_2026[[#This Row],[vlr_lime]]>0,1*ROUND(Rel_2026[[#This Row],[vlr_lime]]/100,0))+ROUND(IF(Rel_2026[[#This Row],[VLR_CREDITO_PARCEL]]>500,1*Rel_2026[[#This Row],[VLR_CREDITO_PARCEL]]/500),0)+ROUND(Rel_2026[[#This Row],[vlr_consignado_total]]/1000,0)+ROUND(Rel_2026[[#This Row],[VLR_EXP_SORTE]]/50,0) -> 0 | AM52: =SUM(Rel_2026[[#This Row],[qtd_TrxContabil]:[VLR_EXP_SORTE]]) -> 0 | AN52: =IF(Rel_2026[[#This Row],[qtd_contas_com_deposito]]>0,7*Rel_2026[[#This Row],[qtd_contas_com_deposito]])+IF((Rel_2026[[#This Row],[qtd_contas]]-Rel_2026[[#This Row],[qtd_contas_com_deposito]])>0,(Rel_2026[[#This Row],[qtd_contas]]-Rel_2026[[#This Row],[qtd_contas_com_deposito]])*3)+IF(Rel_2026[[#This Row],[qtd_cesta_serv]]>0,3*Rel_2026[[#This Row],[qtd_cesta_serv]])+IF(Rel_2026[[#This Row],[QTD_CARTAO_EMITIDO]]>0,0*Rel_2026[[#This Row],[QTD_CARTAO_EMITIDO]])+IF(Rel_2026[[#This Row],[QTD_SUPER_PROTEGIDO]]>0,0*Rel_2026[[#This Row],[QTD_SUPER_PROTEGIDO]])+IF(Rel_2026[[#This Row],[QTD_CONTAS_PJ]]>0,0*Rel_2026[[#This Row],[QTD_CONTAS_PJ]])+IF(Rel_2026[[#This Row],[QTD_MICRO_VIVAVIDA]]>0,1*Rel_2026[[#This Row],[QTD_MICRO_VIVAVIDA]])+IF(Rel_2026[[#This Row],[qtd_microsseguro]]>0,1*Rel_2026[[#This Row],[qtd_microsseguro]])+IF(Rel_2026[[#This Row],[QTD_SEG_RESIDENCIAL]]>0,1*Rel_2026[[#This Row],[QTD_SEG_RESIDENCIAL]])+IF(Rel_2026[[#This Row],[QTD_PLANO_ODONTO]]>0,1*Rel_2026[[#This Row],[QTD_PLANO_ODONTO]])+IF(Rel_2026[[#This Row],[vlr_lime]]>0,1*ROUND(Rel_2026[[#This Row],[vlr_lime]]/100,0))+ROUND(IF(Rel_2026[[#This Row],[VLR_CREDITO_PARCEL]]>500,1*Rel_2026[[#This Row],[VLR_CREDITO_PARCEL]]/500),0)+ROUND(Rel_2026[[#This Row],[vlr_consignado_total]]/1000,0)+ROUND(Rel_2026[[#This Row],[VLR_EXP_SORTE]]/50,0) -> 0
A53: =IF(Rel_2026[[#This Row],[Zero]]=0,"Zero",IF(Rel_2026[[#This Row],[Pontuação]]>=10,"Sim",IF(Rel_2026[[#This Row],[Pontuação]]>=5,"Próximo","Não"))) -> Não | B53: =IF(Rel_2026[[#This Row],[Zero]]=0,"Zero",IF(Rel_2026[[#This Row],[Pontuação2]]>=10,"Sim",IF(Rel_2026[[#This Row],[Pontuação2]]>=5,"Próximo","Não"))) -> Não | C53: =IFERROR(VLOOKUP(Rel_2026[[#This Row],[chave_loja]],Responsavel!A:B,2,FALSE),"EUCLIDES") -> JUNIOR | D53: =LEFT(Rel_2026[[#This Row],[ag_pacb]],4) -> 1351 | E53: 239067 | F53: POP FARMA BONS AMIGOS | G53: 1351/231 | H53: 45093 | I53: CE | J53: ITAPIPOCA | K53: 45120 | L53: 44894 | M53: FORTALEZA OESTE | N53: 46253 | O53: 151 | P53: 0 | Q53: 0 | R53: 0 | S53: 0 | T53: 0 | U53: 0 | V53: 0 | W53: 0 | X53: 0 | Y53: 0 | Z53: 0 | AA53: 0 | AB53: 0 | AC53: 0 | AD53: 0 | AE53: 0 | AF53: 0 | AG53: 0 | AH53: Nao | AI53: Desbloqueado | AK53: TREINADO | AL53: =IF(Rel_2026[[#This Row],[qtd_contas_com_deposito]]>0,7*Rel_2026[[#This Row],[qtd_contas_com_deposito]])+IF((Rel_2026[[#This Row],[qtd_contas]]-Rel_2026[[#This Row],[qtd_contas_com_deposito]])>0,(Rel_2026[[#This Row],[qtd_contas]]-Rel_2026[[#This Row],[qtd_contas_com_deposito]])*3)+IF(Rel_2026[[#This Row],[qtd_cesta_serv]]>0,0*Rel_2026[[#This Row],[qtd_cesta_serv]])+IF(Rel_2026[[#This Row],[QTD_CARTAO_EMITIDO]]>0,0*Rel_2026[[#This Row],[QTD_CARTAO_EMITIDO]])+IF(Rel_2026[[#This Row],[QTD_SUPER_PROTEGIDO]]>0,0*Rel_2026[[#This Row],[QTD_SUPER_PROTEGIDO]])+IF(Rel_2026[[#This Row],[QTD_CONTAS_PJ]]>0,0*Rel_2026[[#This Row],[QTD_CONTAS_PJ]])+IF(Rel_2026[[#This Row],[QTD_MICRO_VIVAVIDA]]>0,1*Rel_2026[[#This Row],[QTD_MICRO_VIVAVIDA]])+IF(Rel_2026[[#This Row],[qtd_microsseguro]]>0,1*Rel_2026[[#This Row],[qtd_microsseguro]])+IF(Rel_2026[[#This Row],[QTD_SEG_RESIDENCIAL]]>0,1*Rel_2026[[#This Row],[QTD_SEG_RESIDENCIAL]])+IF(Rel_2026[[#This Row],[QTD_PLANO_ODONTO]]>0,1*Rel_2026[[#This Row],[QTD_PLANO_ODONTO]])+IF(Rel_2026[[#This Row],[vlr_lime]]>0,1*ROUND(Rel_2026[[#This Row],[vlr_lime]]/100,0))+ROUND(IF(Rel_2026[[#This Row],[VLR_CREDITO_PARCEL]]>500,1*Rel_2026[[#This Row],[VLR_CREDITO_PARCEL]]/500),0)+ROUND(Rel_2026[[#This Row],[vlr_consignado_total]]/1000,0)+ROUND(Rel_2026[[#This Row],[VLR_EXP_SORTE]]/50,0) -> 0 | AM53: =SUM(Rel_2026[[#This Row],[qtd_TrxContabil]:[VLR_EXP_SORTE]]) -> 151 | AN53: =IF(Rel_2026[[#This Row],[qtd_contas_com_deposito]]>0,7*Rel_2026[[#This Row],[qtd_contas_com_deposito]])+IF((Rel_2026[[#This Row],[qtd_contas]]-Rel_2026[[#This Row],[qtd_contas_com_deposito]])>0,(Rel_2026[[#This Row],[qtd_contas]]-Rel_2026[[#This Row],[qtd_contas_com_deposito]])*3)+IF(Rel_2026[[#This Row],[qtd_cesta_serv]]>0,3*Rel_2026[[#This Row],[qtd_cesta_serv]])+IF(Rel_2026[[#This Row],[QTD_CARTAO_EMITIDO]]>0,0*Rel_2026[[#This Row],[QTD_CARTAO_EMITIDO]])+IF(Rel_2026[[#This Row],[QTD_SUPER_PROTEGIDO]]>0,0*Rel_2026[[#This Row],[QTD_SUPER_PROTEGIDO]])+IF(Rel_2026[[#This Row],[QTD_CONTAS_PJ]]>0,0*Rel_2026[[#This Row],[QTD_CONTAS_PJ]])+IF(Rel_2026[[#This Row],[QTD_MICRO_VIVAVIDA]]>0,1*Rel_2026[[#This Row],[QTD_MICRO_VIVAVIDA]])+IF(Rel_2026[[#This Row],[qtd_microsseguro]]>0,1*Rel_2026[[#This Row],[qtd_microsseguro]])+IF(Rel_2026[[#This Row],[QTD_SEG_RESIDENCIAL]]>0,1*Rel_2026[[#This Row],[QTD_SEG_RESIDENCIAL]])+IF(Rel_2026[[#This Row],[QTD_PLANO_ODONTO]]>0,1*Rel_2026[[#This Row],[QTD_PLANO_ODONTO]])+IF(Rel_2026[[#This Row],[vlr_lime]]>0,1*ROUND(Rel_2026[[#This Row],[vlr_lime]]/100,0))+ROUND(IF(Rel_2026[[#This Row],[VLR_CREDITO_PARCEL]]>500,1*Rel_2026[[#This Row],[VLR_CREDITO_PARCEL]]/500),0)+ROUND(Rel_2026[[#This Row],[vlr_consignado_total]]/1000,0)+ROUND(Rel_2026[[#This Row],[VLR_EXP_SORTE]]/50,0) -> 0
A54: =IF(Rel_2026[[#This Row],[Zero]]=0,"Zero",IF(Rel_2026[[#This Row],[Pontuação]]>=10,"Sim",IF(Rel_2026[[#This Row],[Pontuação]]>=5,"Próximo","Não"))) -> Zero | B54: =IF(Rel_2026[[#This Row],[Zero]]=0,"Zero",IF(Rel_2026[[#This Row],[Pontuação2]]>=10,"Sim",IF(Rel_2026[[#This Row],[Pontuação2]]>=5,"Próximo","Não"))) -> Zero | C54: =IFERROR(VLOOKUP(Rel_2026[[#This Row],[chave_loja]],Responsavel!A:B,2,FALSE),"EUCLIDES") -> CÉLIO | D54: =LEFT(Rel_2026[[#This Row],[ag_pacb]],4) -> 0288 | E54: 419413 | F54: Power Comercio | G54: 0288/202 | H54: 45973 | I54: CE | J54: FORTALEZA | K54: 45965 | L54: 45982 | M54: FORTALEZA LESTE | N54: 46162 | O54: 0 | P54: 0 | Q54: 0 | R54: 0 | S54: 0 | T54: 0 | U54: 0 | V54: 0 | W54: 0 | X54: 0 | Y54: 0 | Z54: 0 | AA54: 0 | AB54: 0 | AC54: 0 | AD54: 0 | AE54: 0 | AF54: 0 | AG54: 0 | AH54: Nao | AI54: Desbloqueado | AK54: TREINADO | AL54: =IF(Rel_2026[[#This Row],[qtd_contas_com_deposito]]>0,7*Rel_2026[[#This Row],[qtd_contas_com_deposito]])+IF((Rel_2026[[#This Row],[qtd_contas]]-Rel_2026[[#This Row],[qtd_contas_com_deposito]])>0,(Rel_2026[[#This Row],[qtd_contas]]-Rel_2026[[#This Row],[qtd_contas_com_deposito]])*3)+IF(Rel_2026[[#This Row],[qtd_cesta_serv]]>0,0*Rel_2026[[#This Row],[qtd_cesta_serv]])+IF(Rel_2026[[#This Row],[QTD_CARTAO_EMITIDO]]>0,0*Rel_2026[[#This Row],[QTD_CARTAO_EMITIDO]])+IF(Rel_2026[[#This Row],[QTD_SUPER_PROTEGIDO]]>0,0*Rel_2026[[#This Row],[QTD_SUPER_PROTEGIDO]])+IF(Rel_2026[[#This Row],[QTD_CONTAS_PJ]]>0,0*Rel_2026[[#This Row],[QTD_CONTAS_PJ]])+IF(Rel_2026[[#This Row],[QTD_MICRO_VIVAVIDA]]>0,1*Rel_2026[[#This Row],[QTD_MICRO_VIVAVIDA]])+IF(Rel_2026[[#This Row],[qtd_microsseguro]]>0,1*Rel_2026[[#This Row],[qtd_microsseguro]])+IF(Rel_2026[[#This Row],[QTD_SEG_RESIDENCIAL]]>0,1*Rel_2026[[#This Row],[QTD_SEG_RESIDENCIAL]])+IF(Rel_2026[[#This Row],[QTD_PLANO_ODONTO]]>0,1*Rel_2026[[#This Row],[QTD_PLANO_ODONTO]])+IF(Rel_2026[[#This Row],[vlr_lime]]>0,1*ROUND(Rel_2026[[#This Row],[vlr_lime]]/100,0))+ROUND(IF(Rel_2026[[#This Row],[VLR_CREDITO_PARCEL]]>500,1*Rel_2026[[#This Row],[VLR_CREDITO_PARCEL]]/500),0)+ROUND(Rel_2026[[#This Row],[vlr_consignado_total]]/1000,0)+ROUND(Rel_2026[[#This Row],[VLR_EXP_SORTE]]/50,0) -> 0 | AM54: =SUM(Rel_2026[[#This Row],[qtd_TrxContabil]:[VLR_EXP_SORTE]]) -> 0 | AN54: =IF(Rel_2026[[#This Row],[qtd_contas_com_deposito]]>0,7*Rel_2026[[#This Row],[qtd_contas_com_deposito]])+IF((Rel_2026[[#This Row],[qtd_contas]]-Rel_2026[[#This Row],[qtd_contas_com_deposito]])>0,(Rel_2026[[#This Row],[qtd_contas]]-Rel_2026[[#This Row],[qtd_contas_com_deposito]])*3)+IF(Rel_2026[[#This Row],[qtd_cesta_serv]]>0,3*Rel_2026[[#This Row],[qtd_cesta_serv]])+IF(Rel_2026[[#This Row],[QTD_CARTAO_EMITIDO]]>0,0*Rel_2026[[#This Row],[QTD_CARTAO_EMITIDO]])+IF(Rel_2026[[#This Row],[QTD_SUPER_PROTEGIDO]]>0,0*Rel_2026[[#This Row],[QTD_SUPER_PROTEGIDO]])+IF(Rel_2026[[#This Row],[QTD_CONTAS_PJ]]>0,0*Rel_2026[[#This Row],[QTD_CONTAS_PJ]])+IF(Rel_2026[[#This Row],[QTD_MICRO_VIVAVIDA]]>0,1*Rel_2026[[#This Row],[QTD_MICRO_VIVAVIDA]])+IF(Rel_2026[[#This Row],[qtd_microsseguro]]>0,1*Rel_2026[[#This Row],[qtd_microsseguro]])+IF(Rel_2026[[#This Row],[QTD_SEG_RESIDENCIAL]]>0,1*Rel_2026[[#This Row],[QTD_SEG_RESIDENCIAL]])+IF(Rel_2026[[#This Row],[QTD_PLANO_ODONTO]]>0,1*Rel_2026[[#This Row],[QTD_PLANO_ODONTO]])+IF(Rel_2026[[#This Row],[vlr_lime]]>0,1*ROUND(Rel_2026[[#This Row],[vlr_lime]]/100,0))+ROUND(IF(Rel_2026[[#This Row],[VLR_CREDITO_PARCEL]]>500,1*Rel_2026[[#This Row],[VLR_CREDITO_PARCEL]]/500),0)+ROUND(Rel_2026[[#This Row],[vlr_consignado_total]]/1000,0)+ROUND(Rel_2026[[#This Row],[VLR_EXP_SORTE]]/50,0) -> 0
A55: =IF(Rel_2026[[#This Row],[Zero]]=0,"Zero",IF(Rel_2026[[#This Row],[Pontuação]]>=10,"Sim",IF(Rel_2026[[#This Row],[Pontuação]]>=5,"Próximo","Não"))) -> Sim | B55: =IF(Rel_2026[[#This Row],[Zero]]=0,"Zero",IF(Rel_2026[[#This Row],[Pontuação2]]>=10,"Sim",IF(Rel_2026[[#This Row],[Pontuação2]]>=5,"Próximo","Não"))) -> Sim | C55: =IFERROR(VLOOKUP(Rel_2026[[#This Row],[chave_loja]],Responsavel!A:B,2,FALSE),"EUCLIDES") -> IVAN | D55: =LEFT(Rel_2026[[#This Row],[ag_pacb]],4) -> 0765 | E55: 419957 | F55: Oculos & Cia | G55: 0765/171 | H55: 46007 | I55: CE | J55: PACAJUS | K55: 45993 | L55: 46065 | M55: FORTALEZA LESTE | N55: 46253 | O55: 4 | P55: 3 | Q55: 3 | R55: 3 | S55: 0 | T55: 0 | U55: 0 | V55: 0 | W55: 0 | X55: 0 | Y55: 0 | Z55: 0 | AA55: 0 | AB55: 0 | AC55: 0 | AD55: 0 | AE55: 0 | AF55: 2 | AG55: 0 | AH55: Nao | AI55: Desbloqueado | AK55: TREINADO | AL55: =IF(Rel_2026[[#This Row],[qtd_contas_com_deposito]]>0,7*Rel_2026[[#This Row],[qtd_contas_com_deposito]])+IF((Rel_2026[[#This Row],[qtd_contas]]-Rel_2026[[#This Row],[qtd_contas_com_deposito]])>0,(Rel_2026[[#This Row],[qtd_contas]]-Rel_2026[[#This Row],[qtd_contas_com_deposito]])*3)+IF(Rel_2026[[#This Row],[qtd_cesta_serv]]>0,0*Rel_2026[[#This Row],[qtd_cesta_serv]])+IF(Rel_2026[[#This Row],[QTD_CARTAO_EMITIDO]]>0,0*Rel_2026[[#This Row],[QTD_CARTAO_EMITIDO]])+IF(Rel_2026[[#This Row],[QTD_SUPER_PROTEGIDO]]>0,0*Rel_2026[[#This Row],[QTD_SUPER_PROTEGIDO]])+IF(Rel_2026[[#This Row],[QTD_CONTAS_PJ]]>0,0*Rel_2026[[#This Row],[QTD_CONTAS_PJ]])+IF(Rel_2026[[#This Row],[QTD_MICRO_VIVAVIDA]]>0,1*Rel_2026[[#This Row],[QTD_MICRO_VIVAVIDA]])+IF(Rel_2026[[#This Row],[qtd_microsseguro]]>0,1*Rel_2026[[#This Row],[qtd_microsseguro]])+IF(Rel_2026[[#This Row],[QTD_SEG_RESIDENCIAL]]>0,1*Rel_2026[[#This Row],[QTD_SEG_RESIDENCIAL]])+IF(Rel_2026[[#This Row],[QTD_PLANO_ODONTO]]>0,1*Rel_2026[[#This Row],[QTD_PLANO_ODONTO]])+IF(Rel_2026[[#This Row],[vlr_lime]]>0,1*ROUND(Rel_2026[[#This Row],[vlr_lime]]/100,0))+ROUND(IF(Rel_2026[[#This Row],[VLR_CREDITO_PARCEL]]>500,1*Rel_2026[[#This Row],[VLR_CREDITO_PARCEL]]/500),0)+ROUND(Rel_2026[[#This Row],[vlr_consignado_total]]/1000,0)+ROUND(Rel_2026[[#This Row],[VLR_EXP_SORTE]]/50,0) -> 21 | AM55: =SUM(Rel_2026[[#This Row],[qtd_TrxContabil]:[VLR_EXP_SORTE]]) -> 15 | AN55: =IF(Rel_2026[[#This Row],[qtd_contas_com_deposito]]>0,7*Rel_2026[[#This Row],[qtd_contas_com_deposito]])+IF((Rel_2026[[#This Row],[qtd_contas]]-Rel_2026[[#This Row],[qtd_contas_com_deposito]])>0,(Rel_2026[[#This Row],[qtd_contas]]-Rel_2026[[#This Row],[qtd_contas_com_deposito]])*3)+IF(Rel_2026[[#This Row],[qtd_cesta_serv]]>0,3*Rel_2026[[#This Row],[qtd_cesta_serv]])+IF(Rel_2026[[#This Row],[QTD_CARTAO_EMITIDO]]>0,0*Rel_2026[[#This Row],[QTD_CARTAO_EMITIDO]])+IF(Rel_2026[[#This Row],[QTD_SUPER_PROTEGIDO]]>0,0*Rel_2026[[#This Row],[QTD_SUPER_PROTEGIDO]])+IF(Rel_2026[[#This Row],[QTD_CONTAS_PJ]]>0,0*Rel_2026[[#This Row],[QTD_CONTAS_PJ]])+IF(Rel_2026[[#This Row],[QTD_MICRO_VIVAVIDA]]>0,1*Rel_2026[[#This Row],[QTD_MICRO_VIVAVIDA]])+IF(Rel_2026[[#This Row],[qtd_microsseguro]]>0,1*Rel_2026[[#This Row],[qtd_microsseguro]])+IF(Rel_2026[[#This Row],[QTD_SEG_RESIDENCIAL]]>0,1*Rel_2026[[#This Row],[QTD_SEG_RESIDENCIAL]])+IF(Rel_2026[[#This Row],[QTD_PLANO_ODONTO]]>0,1*Rel_2026[[#This Row],[QTD_PLANO_ODONTO]])+IF(Rel_2026[[#This Row],[vlr_lime]]>0,1*ROUND(Rel_2026[[#This Row],[vlr_lime]]/100,0))+ROUND(IF(Rel_2026[[#This Row],[VLR_CREDITO_PARCEL]]>500,1*Rel_2026[[#This Row],[VLR_CREDITO_PARCEL]]/500),0)+ROUND(Rel_2026[[#This Row],[vlr_consignado_total]]/1000,0)+ROUND(Rel_2026[[#This Row],[VLR_EXP_SORTE]]/50,0) -> 30
A56: =IF(Rel_2026[[#This Row],[Zero]]=0,"Zero",IF(Rel_2026[[#This Row],[Pontuação]]>=10,"Sim",IF(Rel_2026[[#This Row],[Pontuação]]>=5,"Próximo","Não"))) -> Próximo | B56: =IF(Rel_2026[[#This Row],[Zero]]=0,"Zero",IF(Rel_2026[[#This Row],[Pontuação2]]>=10,"Sim",IF(Rel_2026[[#This Row],[Pontuação2]]>=5,"Próximo","Não"))) -> Próximo | C56: =IFERROR(VLOOKUP(Rel_2026[[#This Row],[chave_loja]],Responsavel!A:B,2,FALSE),"EUCLIDES") -> WASTHSON | D56: =LEFT(Rel_2026[[#This Row],[ag_pacb]],4) -> 0458 | E56: 150973 | F56: MERCADINHO SANTO ANTONIO | G56: 0458/378 | H56: 45205 | I56: CE | J56: MORAUJO | K56: 42888 | L56: 46238 | M56: FORTALEZA OESTE | N56: 46254 | O56: 167 | P56: 0 | Q56: 0 | R56: 0 | S56: 0 | T56: 600 | U56: 0 | V56: 0 | W56: 0 | X56: 0 | Y56: 0 | Z56: 0 | AA56: 0 | AB56: 0 | AC56: 0 | AD56: 0 | AE56: 1 | AF56: 0 | AG56: 0 | AH56: Nao | AI56: Desbloqueado | AK56: TREINADO | AL56: =IF(Rel_2026[[#This Row],[qtd_contas_com_deposito]]>0,7*Rel_2026[[#This Row],[qtd_contas_com_deposito]])+IF((Rel_2026[[#This Row],[qtd_contas]]-Rel_2026[[#This Row],[qtd_contas_com_deposito]])>0,(Rel_2026[[#This Row],[qtd_contas]]-Rel_2026[[#This Row],[qtd_contas_com_deposito]])*3)+IF(Rel_2026[[#This Row],[qtd_cesta_serv]]>0,0*Rel_2026[[#This Row],[qtd_cesta_serv]])+IF(Rel_2026[[#This Row],[QTD_CARTAO_EMITIDO]]>0,0*Rel_2026[[#This Row],[QTD_CARTAO_EMITIDO]])+IF(Rel_2026[[#This Row],[QTD_SUPER_PROTEGIDO]]>0,0*Rel_2026[[#This Row],[QTD_SUPER_PROTEGIDO]])+IF(Rel_2026[[#This Row],[QTD_CONTAS_PJ]]>0,0*Rel_2026[[#This Row],[QTD_CONTAS_PJ]])+IF(Rel_2026[[#This Row],[QTD_MICRO_VIVAVIDA]]>0,1*Rel_2026[[#This Row],[QTD_MICRO_VIVAVIDA]])+IF(Rel_2026[[#This Row],[qtd_microsseguro]]>0,1*Rel_2026[[#This Row],[qtd_microsseguro]])+IF(Rel_2026[[#This Row],[QTD_SEG_RESIDENCIAL]]>0,1*Rel_2026[[#This Row],[QTD_SEG_RESIDENCIAL]])+IF(Rel_2026[[#This Row],[QTD_PLANO_ODONTO]]>0,1*Rel_2026[[#This Row],[QTD_PLANO_ODONTO]])+IF(Rel_2026[[#This Row],[vlr_lime]]>0,1*ROUND(Rel_2026[[#This Row],[vlr_lime]]/100,0))+ROUND(IF(Rel_2026[[#This Row],[VLR_CREDITO_PARCEL]]>500,1*Rel_2026[[#This Row],[VLR_CREDITO_PARCEL]]/500),0)+ROUND(Rel_2026[[#This Row],[vlr_consignado_total]]/1000,0)+ROUND(Rel_2026[[#This Row],[VLR_EXP_SORTE]]/50,0) -> 7 | AM56: =SUM(Rel_2026[[#This Row],[qtd_TrxContabil]:[VLR_EXP_SORTE]]) -> 768 | AN56: =IF(Rel_2026[[#This Row],[qtd_contas_com_deposito]]>0,7*Rel_2026[[#This Row],[qtd_contas_com_deposito]])+IF((Rel_2026[[#This Row],[qtd_contas]]-Rel_2026[[#This Row],[qtd_contas_com_deposito]])>0,(Rel_2026[[#This Row],[qtd_contas]]-Rel_2026[[#This Row],[qtd_contas_com_deposito]])*3)+IF(Rel_2026[[#This Row],[qtd_cesta_serv]]>0,3*Rel_2026[[#This Row],[qtd_cesta_serv]])+IF(Rel_2026[[#This Row],[QTD_CARTAO_EMITIDO]]>0,0*Rel_2026[[#This Row],[QTD_CARTAO_EMITIDO]])+IF(Rel_2026[[#This Row],[QTD_SUPER_PROTEGIDO]]>0,0*Rel_2026[[#This Row],[QTD_SUPER_PROTEGIDO]])+IF(Rel_2026[[#This Row],[QTD_CONTAS_PJ]]>0,0*Rel_2026[[#This Row],[QTD_CONTAS_PJ]])+IF(Rel_2026[[#This Row],[QTD_MICRO_VIVAVIDA]]>0,1*Rel_2026[[#This Row],[QTD_MICRO_VIVAVIDA]])+IF(Rel_2026[[#This Row],[qtd_microsseguro]]>0,1*Rel_2026[[#This Row],[qtd_microsseguro]])+IF(Rel_2026[[#This Row],[QTD_SEG_RESIDENCIAL]]>0,1*Rel_2026[[#This Row],[QTD_SEG_RESIDENCIAL]])+IF(Rel_2026[[#This Row],[QTD_PLANO_ODONTO]]>0,1*Rel_2026[[#This Row],[QTD_PLANO_ODONTO]])+IF(Rel_2026[[#This Row],[vlr_lime]]>0,1*ROUND(Rel_2026[[#This Row],[vlr_lime]]/100,0))+ROUND(IF(Rel_2026[[#This Row],[VLR_CREDITO_PARCEL]]>500,1*Rel_2026[[#This Row],[VLR_CREDITO_PARCEL]]/500),0)+ROUND(Rel_2026[[#This Row],[vlr_consignado_total]]/1000,0)+ROUND(Rel_2026[[#This Row],[VLR_EXP_SORTE]]/50,0) -> 7
A57: =IF(Rel_2026[[#This Row],[Zero]]=0,"Zero",IF(Rel_2026[[#This Row],[Pontuação]]>=10,"Sim",IF(Rel_2026[[#This Row],[Pontuação]]>=5,"Próximo","Não"))) -> Sim | B57: =IF(Rel_2026[[#This Row],[Zero]]=0,"Zero",IF(Rel_2026[[#This Row],[Pontuação2]]>=10,"Sim",IF(Rel_2026[[#This Row],[Pontuação2]]>=5,"Próximo","Não"))) -> Sim | C57: =IFERROR(VLOOKUP(Rel_2026[[#This Row],[chave_loja]],Responsavel!A:B,2,FALSE),"EUCLIDES") -> ISMAEL | D57: =LEFT(Rel_2026[[#This Row],[ag_pacb]],4) -> 0704 | E57: 244357 | F57: WAUSTON CONSTRUCOES | G57: 0704/170 | H57: 44943 | I57: CE | J57: CAPISTRANO | K57: 45306 | L57: 44957 | M57: FORTALEZA LESTE | N57: 46254 | O57: 1626 | P57: 21 | Q57: 17 | R57: 20 | S57: 1 | T57: 0 | U57: 0 | V57: 0 | W57: 0 | X57: 0 | Y57: 0 | Z57: 0 | AA57: 0 | AB57: 0 | AC57: 0 | AD57: 0 | AE57: 0 | AF57: 3 | AG57: 0 | AH57: Sim | AI57: Desbloqueado | AK57: TREINADO | AL57: =IF(Rel_2026[[#This Row],[qtd_contas_com_deposito]]>0,7*Rel_2026[[#This Row],[qtd_contas_com_deposito]])+IF((Rel_2026[[#This Row],[qtd_contas]]-Rel_2026[[#This Row],[qtd_contas_com_deposito]])>0,(Rel_2026[[#This Row],[qtd_contas]]-Rel_2026[[#This Row],[qtd_contas_com_deposito]])*3)+IF(Rel_2026[[#This Row],[qtd_cesta_serv]]>0,0*Rel_2026[[#This Row],[qtd_cesta_serv]])+IF(Rel_2026[[#This Row],[QTD_CARTAO_EMITIDO]]>0,0*Rel_2026[[#This Row],[QTD_CARTAO_EMITIDO]])+IF(Rel_2026[[#This Row],[QTD_SUPER_PROTEGIDO]]>0,0*Rel_2026[[#This Row],[QTD_SUPER_PROTEGIDO]])+IF(Rel_2026[[#This Row],[QTD_CONTAS_PJ]]>0,0*Rel_2026[[#This Row],[QTD_CONTAS_PJ]])+IF(Rel_2026[[#This Row],[QTD_MICRO_VIVAVIDA]]>0,1*Rel_2026[[#This Row],[QTD_MICRO_VIVAVIDA]])+IF(Rel_2026[[#This Row],[qtd_microsseguro]]>0,1*Rel_2026[[#This Row],[qtd_microsseguro]])+IF(Rel_2026[[#This Row],[QTD_SEG_RESIDENCIAL]]>0,1*Rel_2026[[#This Row],[QTD_SEG_RESIDENCIAL]])+IF(Rel_2026[[#This Row],[QTD_PLANO_ODONTO]]>0,1*Rel_2026[[#This Row],[QTD_PLANO_ODONTO]])+IF(Rel_2026[[#This Row],[vlr_lime]]>0,1*ROUND(Rel_2026[[#This Row],[vlr_lime]]/100,0))+ROUND(IF(Rel_2026[[#This Row],[VLR_CREDITO_PARCEL]]>500,1*Rel_2026[[#This Row],[VLR_CREDITO_PARCEL]]/500),0)+ROUND(Rel_2026[[#This Row],[vlr_consignado_total]]/1000,0)+ROUND(Rel_2026[[#This Row],[VLR_EXP_SORTE]]/50,0) -> 131 | AM57: =SUM(Rel_2026[[#This Row],[qtd_TrxContabil]:[VLR_EXP_SORTE]]) -> 1688 | AN57: =IF(Rel_2026[[#This Row],[qtd_contas_com_deposito]]>0,7*Rel_2026[[#This Row],[qtd_contas_com_deposito]])+IF((Rel_2026[[#This Row],[qtd_contas]]-Rel_2026[[#This Row],[qtd_contas_com_deposito]])>0,(Rel_2026[[#This Row],[qtd_contas]]-Rel_2026[[#This Row],[qtd_contas_com_deposito]])*3)+IF(Rel_2026[[#This Row],[qtd_cesta_serv]]>0,3*Rel_2026[[#This Row],[qtd_cesta_serv]])+IF(Rel_2026[[#This Row],[QTD_CARTAO_EMITIDO]]>0,0*Rel_2026[[#This Row],[QTD_CARTAO_EMITIDO]])+IF(Rel_2026[[#This Row],[QTD_SUPER_PROTEGIDO]]>0,0*Rel_2026[[#This Row],[QTD_SUPER_PROTEGIDO]])+IF(Rel_2026[[#This Row],[QTD_CONTAS_PJ]]>0,0*Rel_2026[[#This Row],[QTD_CONTAS_PJ]])+IF(Rel_2026[[#This Row],[QTD_MICRO_VIVAVIDA]]>0,1*Rel_2026[[#This Row],[QTD_MICRO_VIVAVIDA]])+IF(Rel_2026[[#This Row],[qtd_microsseguro]]>0,1*Rel_2026[[#This Row],[qtd_microsseguro]])+IF(Rel_2026[[#This Row],[QTD_SEG_RESIDENCIAL]]>0,1*Rel_2026[[#This Row],[QTD_SEG_RESIDENCIAL]])+IF(Rel_2026[[#This Row],[QTD_PLANO_ODONTO]]>0,1*Rel_2026[[#This Row],[QTD_PLANO_ODONTO]])+IF(Rel_2026[[#This Row],[vlr_lime]]>0,1*ROUND(Rel_2026[[#This Row],[vlr_lime]]/100,0))+ROUND(IF(Rel_2026[[#This Row],[VLR_CREDITO_PARCEL]]>500,1*Rel_2026[[#This Row],[VLR_CREDITO_PARCEL]]/500),0)+ROUND(Rel_2026[[#This Row],[vlr_consignado_total]]/1000,0)+ROUND(Rel_2026[[#This Row],[VLR_EXP_SORTE]]/50,0) -> 191
A58: =IF(Rel_2026[[#This Row],[Zero]]=0,"Zero",IF(Rel_2026[[#This Row],[Pontuação]]>=10,"Sim",IF(Rel_2026[[#This Row],[Pontuação]]>=5,"Próximo","Não"))) -> Sim | B58: =IF(Rel_2026[[#This Row],[Zero]]=0,"Zero",IF(Rel_2026[[#This Row],[Pontuação2]]>=10,"Sim",IF(Rel_2026[[#This Row],[Pontuação2]]>=5,"Próximo","Não"))) -> Sim | C58: =IFERROR(VLOOKUP(Rel_2026[[#This Row],[chave_loja]],Responsavel!A:B,2,FALSE),"EUCLIDES") -> IVAN | D58: =LEFT(Rel_2026[[#This Row],[ag_pacb]],4) -> 5304 | E58: 245908 | F58: TOP VISAO OTICA | G58: 5304/126 | H58: 45185 | I58: CE | J58: AQUIRAZ | K58: 45306 | L58: 46058 | M58: FORTALEZA LESTE | N58: 46254 | O58: 1018 | P58: 11 | Q58: 9 | R58: 11 | S58: 0 | T58: 790 | U58: 0 | V58: 0 | W58: 0 | X58: 0 | Y58: 0 | Z58: 0 | AA58: 0 | AB58: 0 | AC58: 0 | AD58: 0 | AE58: 0 | AF58: 5 | AG58: 0 | AH58: Nao | AI58: Desbloqueado | AK58: TREINADO | AL58: =IF(Rel_2026[[#This Row],[qtd_contas_com_deposito]]>0,7*Rel_2026[[#This Row],[qtd_contas_com_deposito]])+IF((Rel_2026[[#This Row],[qtd_contas]]-Rel_2026[[#This Row],[qtd_contas_com_deposito]])>0,(Rel_2026[[#This Row],[qtd_contas]]-Rel_2026[[#This Row],[qtd_contas_com_deposito]])*3)+IF(Rel_2026[[#This Row],[qtd_cesta_serv]]>0,0*Rel_2026[[#This Row],[qtd_cesta_serv]])+IF(Rel_2026[[#This Row],[QTD_CARTAO_EMITIDO]]>0,0*Rel_2026[[#This Row],[QTD_CARTAO_EMITIDO]])+IF(Rel_2026[[#This Row],[QTD_SUPER_PROTEGIDO]]>0,0*Rel_2026[[#This Row],[QTD_SUPER_PROTEGIDO]])+IF(Rel_2026[[#This Row],[QTD_CONTAS_PJ]]>0,0*Rel_2026[[#This Row],[QTD_CONTAS_PJ]])+IF(Rel_2026[[#This Row],[QTD_MICRO_VIVAVIDA]]>0,1*Rel_2026[[#This Row],[QTD_MICRO_VIVAVIDA]])+IF(Rel_2026[[#This Row],[qtd_microsseguro]]>0,1*Rel_2026[[#This Row],[qtd_microsseguro]])+IF(Rel_2026[[#This Row],[QTD_SEG_RESIDENCIAL]]>0,1*Rel_2026[[#This Row],[QTD_SEG_RESIDENCIAL]])+IF(Rel_2026[[#This Row],[QTD_PLANO_ODONTO]]>0,1*Rel_2026[[#This Row],[QTD_PLANO_ODONTO]])+IF(Rel_2026[[#This Row],[vlr_lime]]>0,1*ROUND(Rel_2026[[#This Row],[vlr_lime]]/100,0))+ROUND(IF(Rel_2026[[#This Row],[VLR_CREDITO_PARCEL]]>500,1*Rel_2026[[#This Row],[VLR_CREDITO_PARCEL]]/500),0)+ROUND(Rel_2026[[#This Row],[vlr_consignado_total]]/1000,0)+ROUND(Rel_2026[[#This Row],[VLR_EXP_SORTE]]/50,0) -> 77 | AM58: =SUM(Rel_2026[[#This Row],[qtd_TrxContabil]:[VLR_EXP_SORTE]]) -> 1844 | AN58: =IF(Rel_2026[[#This Row],[qtd_contas_com_deposito]]>0,7*Rel_2026[[#This Row],[qtd_contas_com_deposito]])+IF((Rel_2026[[#This Row],[qtd_contas]]-Rel_2026[[#This Row],[qtd_contas_com_deposito]])>0,(Rel_2026[[#This Row],[qtd_contas]]-Rel_2026[[#This Row],[qtd_contas_com_deposito]])*3)+IF(Rel_2026[[#This Row],[qtd_cesta_serv]]>0,3*Rel_2026[[#This Row],[qtd_cesta_serv]])+IF(Rel_2026[[#This Row],[QTD_CARTAO_EMITIDO]]>0,0*Rel_2026[[#This Row],[QTD_CARTAO_EMITIDO]])+IF(Rel_2026[[#This Row],[QTD_SUPER_PROTEGIDO]]>0,0*Rel_2026[[#This Row],[QTD_SUPER_PROTEGIDO]])+IF(Rel_2026[[#This Row],[QTD_CONTAS_PJ]]>0,0*Rel_2026[[#This Row],[QTD_CONTAS_PJ]])+IF(Rel_2026[[#This Row],[QTD_MICRO_VIVAVIDA]]>0,1*Rel_2026[[#This Row],[QTD_MICRO_VIVAVIDA]])+IF(Rel_2026[[#This Row],[qtd_microsseguro]]>0,1*Rel_2026[[#This Row],[qtd_microsseguro]])+IF(Rel_2026[[#This Row],[QTD_SEG_RESIDENCIAL]]>0,1*Rel_2026[[#This Row],[QTD_SEG_RESIDENCIAL]])+IF(Rel_2026[[#This Row],[QTD_PLANO_ODONTO]]>0,1*Rel_2026[[#This Row],[QTD_PLANO_ODONTO]])+IF(Rel_2026[[#This Row],[vlr_lime]]>0,1*ROUND(Rel_2026[[#This Row],[vlr_lime]]/100,0))+ROUND(IF(Rel_2026[[#This Row],[VLR_CREDITO_PARCEL]]>500,1*Rel_2026[[#This Row],[VLR_CREDITO_PARCEL]]/500),0)+ROUND(Rel_2026[[#This Row],[vlr_consignado_total]]/1000,0)+ROUND(Rel_2026[[#This Row],[VLR_EXP_SORTE]]/50,0) -> 110
A59: =IF(Rel_2026[[#This Row],[Zero]]=0,"Zero",IF(Rel_2026[[#This Row],[Pontuação]]>=10,"Sim",IF(Rel_2026[[#This Row],[Pontuação]]>=5,"Próximo","Não"))) -> Próximo | B59: =IF(Rel_2026[[#This Row],[Zero]]=0,"Zero",IF(Rel_2026[[#This Row],[Pontuação2]]>=10,"Sim",IF(Rel_2026[[#This Row],[Pontuação2]]>=5,"Próximo","Não"))) -> Sim | C59: =IFERROR(VLOOKUP(Rel_2026[[#This Row],[chave_loja]],Responsavel!A:B,2,FALSE),"EUCLIDES") -> GIL | D59: =LEFT(Rel_2026[[#This Row],[ag_pacb]],4) -> 0715 | E59: 412657 | F59: MERCEARIA SE TU UMA BENCAO | G59: 0715/161 | H59: 45797 | I59: CE | J59: CAMOCIM | K59: 45792 | L59: 45267 | M59: FORTALEZA OESTE | N59: 46254 | O59: 147 | P59: 1 | Q59: 1 | R59: 1 | S59: 1 | T59: 0 | U59: 0 | V59: 0 | W59: 0 | X59: 0 | Y59: 0 | Z59: 0 | AA59: 0 | AB59: 1 | AC59: 0 | AD59: 0 | AE59: 0 | AF59: 1 | AG59: 0 | AH59: Nao | AI59: Desbloqueado | AK59: TREINADO | AL59: =IF(Rel_2026[[#This Row],[qtd_contas_com_deposito]]>0,7*Rel_2026[[#This Row],[qtd_contas_com_deposito]])+IF((Rel_2026[[#This Row],[qtd_contas]]-Rel_2026[[#This Row],[qtd_contas_com_deposito]])>0,(Rel_2026[[#This Row],[qtd_contas]]-Rel_2026[[#This Row],[qtd_contas_com_deposito]])*3)+IF(Rel_2026[[#This Row],[qtd_cesta_serv]]>0,0*Rel_2026[[#This Row],[qtd_cesta_serv]])+IF(Rel_2026[[#This Row],[QTD_CARTAO_EMITIDO]]>0,0*Rel_2026[[#This Row],[QTD_CARTAO_EMITIDO]])+IF(Rel_2026[[#This Row],[QTD_SUPER_PROTEGIDO]]>0,0*Rel_2026[[#This Row],[QTD_SUPER_PROTEGIDO]])+IF(Rel_2026[[#This Row],[QTD_CONTAS_PJ]]>0,0*Rel_2026[[#This Row],[QTD_CONTAS_PJ]])+IF(Rel_2026[[#This Row],[QTD_MICRO_VIVAVIDA]]>0,1*Rel_2026[[#This Row],[QTD_MICRO_VIVAVIDA]])+IF(Rel_2026[[#This Row],[qtd_microsseguro]]>0,1*Rel_2026[[#This Row],[qtd_microsseguro]])+IF(Rel_2026[[#This Row],[QTD_SEG_RESIDENCIAL]]>0,1*Rel_2026[[#This Row],[QTD_SEG_RESIDENCIAL]])+IF(Rel_2026[[#This Row],[QTD_PLANO_ODONTO]]>0,1*Rel_2026[[#This Row],[QTD_PLANO_ODONTO]])+IF(Rel_2026[[#This Row],[vlr_lime]]>0,1*ROUND(Rel_2026[[#This Row],[vlr_lime]]/100,0))+ROUND(IF(Rel_2026[[#This Row],[VLR_CREDITO_PARCEL]]>500,1*Rel_2026[[#This Row],[VLR_CREDITO_PARCEL]]/500),0)+ROUND(Rel_2026[[#This Row],[vlr_consignado_total]]/1000,0)+ROUND(Rel_2026[[#This Row],[VLR_EXP_SORTE]]/50,0) -> 7 | AM59: =SUM(Rel_2026[[#This Row],[qtd_TrxContabil]:[VLR_EXP_SORTE]]) -> 153 | AN59: =IF(Rel_2026[[#This Row],[qtd_contas_com_deposito]]>0,7*Rel_2026[[#This Row],[qtd_contas_com_deposito]])+IF((Rel_2026[[#This Row],[qtd_contas]]-Rel_2026[[#This Row],[qtd_contas_com_deposito]])>0,(Rel_2026[[#This Row],[qtd_contas]]-Rel_2026[[#This Row],[qtd_contas_com_deposito]])*3)+IF(Rel_2026[[#This Row],[qtd_cesta_serv]]>0,3*Rel_2026[[#This Row],[qtd_cesta_serv]])+IF(Rel_2026[[#This Row],[QTD_CARTAO_EMITIDO]]>0,0*Rel_2026[[#This Row],[QTD_CARTAO_EMITIDO]])+IF(Rel_2026[[#This Row],[QTD_SUPER_PROTEGIDO]]>0,0*Rel_2026[[#This Row],[QTD_SUPER_PROTEGIDO]])+IF(Rel_2026[[#This Row],[QTD_CONTAS_PJ]]>0,0*Rel_2026[[#This Row],[QTD_CONTAS_PJ]])+IF(Rel_2026[[#This Row],[QTD_MICRO_VIVAVIDA]]>0,1*Rel_2026[[#This Row],[QTD_MICRO_VIVAVIDA]])+IF(Rel_2026[[#This Row],[qtd_microsseguro]]>0,1*Rel_2026[[#This Row],[qtd_microsseguro]])+IF(Rel_2026[[#This Row],[QTD_SEG_RESIDENCIAL]]>0,1*Rel_2026[[#This Row],[QTD_SEG_RESIDENCIAL]])+IF(Rel_2026[[#This Row],[QTD_PLANO_ODONTO]]>0,1*Rel_2026[[#This Row],[QTD_PLANO_ODONTO]])+IF(Rel_2026[[#This Row],[vlr_lime]]>0,1*ROUND(Rel_2026[[#This Row],[vlr_lime]]/100,0))+ROUND(IF(Rel_2026[[#This Row],[VLR_CREDITO_PARCEL]]>500,1*Rel_2026[[#This Row],[VLR_CREDITO_PARCEL]]/500),0)+ROUND(Rel_2026[[#This Row],[vlr_consignado_total]]/1000,0)+ROUND(Rel_2026[[#This Row],[VLR_EXP_SORTE]]/50,0) -> 10
A60: =IF(Rel_2026[[#This Row],[Zero]]=0,"Zero",IF(Rel_2026[[#This Row],[Pontuação]]>=10,"Sim",IF(Rel_2026[[#This Row],[Pontuação]]>=5,"Próximo","Não"))) -> Não | B60: =IF(Rel_2026[[#This Row],[Zero]]=0,"Zero",IF(Rel_2026[[#This Row],[Pontuação2]]>=10,"Sim",IF(Rel_2026[[#This Row],[Pontuação2]]>=5,"Próximo","Não"))) -> Não | C60: =IFERROR(VLOOKUP(Rel_2026[[#This Row],[chave_loja]],Responsavel!A:B,2,FALSE),"EUCLIDES") -> ROSSY | D60: =LEFT(Rel_2026[[#This Row],[ag_pacb]],4) -> 0405 | E60: 423050 | F60: Roberto Pharma | G60: 0405/792 | H60: 46104 | I60: PI | J60: LAGOA DO PIAUI | K60: 46099 | L60: 46122 | M60: TERESINA | N60: 46254 | O60: 70 | P60: 0 | Q60: 0 | R60: 0 | S60: 0 | T60: 0 | U60: 0 | V60: 0 | W60: 0 | X60: 0 | Y60: 0 | Z60: 0 | AA60: 0 | AB60: 0 | AC60: 0 | AD60: 0 | AE60: 0 | AF60: 0 | AG60: 0 | AH60: Sim | AI60: Desbloqueado | AK60: TREINADO | AL60: =IF(Rel_2026[[#This Row],[qtd_contas_com_deposito]]>0,7*Rel_2026[[#This Row],[qtd_contas_com_deposito]])+IF((Rel_2026[[#This Row],[qtd_contas]]-Rel_2026[[#This Row],[qtd_contas_com_deposito]])>0,(Rel_2026[[#This Row],[qtd_contas]]-Rel_2026[[#This Row],[qtd_contas_com_deposito]])*3)+IF(Rel_2026[[#This Row],[qtd_cesta_serv]]>0,0*Rel_2026[[#This Row],[qtd_cesta_serv]])+IF(Rel_2026[[#This Row],[QTD_CARTAO_EMITIDO]]>0,0*Rel_2026[[#This Row],[QTD_CARTAO_EMITIDO]])+IF(Rel_2026[[#This Row],[QTD_SUPER_PROTEGIDO]]>0,0*Rel_2026[[#This Row],[QTD_SUPER_PROTEGIDO]])+IF(Rel_2026[[#This Row],[QTD_CONTAS_PJ]]>0,0*Rel_2026[[#This Row],[QTD_CONTAS_PJ]])+IF(Rel_2026[[#This Row],[QTD_MICRO_VIVAVIDA]]>0,1*Rel_2026[[#This Row],[QTD_MICRO_VIVAVIDA]])+IF(Rel_2026[[#This Row],[qtd_microsseguro]]>0,1*Rel_2026[[#This Row],[qtd_microsseguro]])+IF(Rel_2026[[#This Row],[QTD_SEG_RESIDENCIAL]]>0,1*Rel_2026[[#This Row],[QTD_SEG_RESIDENCIAL]])+IF(Rel_2026[[#This Row],[QTD_PLANO_ODONTO]]>0,1*Rel_2026[[#This Row],[QTD_PLANO_ODONTO]])+IF(Rel_2026[[#This Row],[vlr_lime]]>0,1*ROUND(Rel_2026[[#This Row],[vlr_lime]]/100,0))+ROUND(IF(Rel_2026[[#This Row],[VLR_CREDITO_PARCEL]]>500,1*Rel_2026[[#This Row],[VLR_CREDITO_PARCEL]]/500),0)+ROUND(Rel_2026[[#This Row],[vlr_consignado_total]]/1000,0)+ROUND(Rel_2026[[#This Row],[VLR_EXP_SORTE]]/50,0) -> 0 | AM60: =SUM(Rel_2026[[#This Row],[qtd_TrxContabil]:[VLR_EXP_SORTE]]) -> 70 | AN60: =IF(Rel_2026[[#This Row],[qtd_contas_com_deposito]]>0,7*Rel_2026[[#This Row],[qtd_contas_com_deposito]])+IF((Rel_2026[[#This Row],[qtd_contas]]-Rel_2026[[#This Row],[qtd_contas_com_deposito]])>0,(Rel_2026[[#This Row],[qtd_contas]]-Rel_2026[[#This Row],[qtd_contas_com_deposito]])*3)+IF(Rel_2026[[#This Row],[qtd_cesta_serv]]>0,3*Rel_2026[[#This Row],[qtd_cesta_serv]])+IF(Rel_2026[[#This Row],[QTD_CARTAO_EMITIDO]]>0,0*Rel_2026[[#This Row],[QTD_CARTAO_EMITIDO]])+IF(Rel_2026[[#This Row],[QTD_SUPER_PROTEGIDO]]>0,0*Rel_2026[[#This Row],[QTD_SUPER_PROTEGIDO]])+IF(Rel_2026[[#This Row],[QTD_CONTAS_PJ]]>0,0*Rel_2026[[#This Row],[QTD_CONTAS_PJ]])+IF(Rel_2026[[#This Row],[QTD_MICRO_VIVAVIDA]]>0,1*Rel_2026[[#This Row],[QTD_MICRO_VIVAVIDA]])+IF(Rel_2026[[#This Row],[qtd_microsseguro]]>0,1*Rel_2026[[#This Row],[qtd_microsseguro]])+IF(Rel_2026[[#This Row],[QTD_SEG_RESIDENCIAL]]>0,1*Rel_2026[[#This Row],[QTD_SEG_RESIDENCIAL]])+IF(Rel_2026[[#This Row],[QTD_PLANO_ODONTO]]>0,1*Rel_2026[[#This Row],[QTD_PLANO_ODONTO]])+IF(Rel_2026[[#This Row],[vlr_lime]]>0,1*ROUND(Rel_2026[[#This Row],[vlr_lime]]/100,0))+ROUND(IF(Rel_2026[[#This Row],[VLR_CREDITO_PARCEL]]>500,1*Rel_2026[[#This Row],[VLR_CREDITO_PARCEL]]/500),0)+ROUND(Rel_2026[[#This Row],[vlr_consignado_total]]/1000,0)+ROUND(Rel_2026[[#This Row],[VLR_EXP_SORTE]]/50,0) -> 0
... A80: =IF(Rel_2026[[#This Row],[Zero]]=0,"Zero",IF(Rel_2026[[#This Row],[Pontuação]]>=10,"Sim",IF(Rel_2026[[#This Row],[Pontuação]]>=5,"Próximo","Não"))) -> Próximo | B80: =IF(Rel_2026[[#This Row],[Zero]]=0,"Zero",IF(Rel_2026[[#This Row],[Pontuação2]]>=10,"Sim",IF(Rel_2026[[#This Row],[Pontuação2]]>=5,"Próximo","Não"))) -> Sim | C80: =IFERROR(VLOOKUP(Rel_2026[[#This Row],[chave_loja]],Responsavel!A:B,2,FALSE),"EUCLIDES") -> NYCOLLAS | D80: =LEFT(Rel_2026[[#This Row],[ag_pacb]],4) -> 5447 | E80: 410620 | F80: Loja Eubella | G80: 5447/132 | H80: 45741 | I80: CE | J80: PENTECOSTE | K80: 45734 | L80: 45756 | M80: FORTALEZA OESTE | N80: 46254 | O80: 340 | P80: 1 | Q80: 1 | R80: 1 | S80: 0 | T80: 0 | U80: 0 | V80: 0 | W80: 0 | X80: 0 | Y80: 0 | Z80: 0 | AA80: 0 | AB80: 0 | AC80: 0 | AD80: 0 | AE80: 0 | AF80: 1 | AG80: 0 | AH80: Nao | AI80: Desbloqueado | AK80: TREINADO | AL80: =IF(Rel_2026[[#This Row],[qtd_contas_com_deposito]]>0,7*Rel_2026[[#This Row],[qtd_contas_com_deposito]])+IF((Rel_2026[[#This Row],[qtd_contas]]-Rel_2026[[#This Row],[qtd_contas_com_deposito]])>0,(Rel_2026[[#This Row],[qtd_contas]]-Rel_2026[[#This Row],[qtd_contas_com_deposito]])*3)+IF(Rel_2026[[#This Row],[qtd_cesta_serv]]>0,0*Rel_2026[[#This Row],[qtd_cesta_serv]])+IF(Rel_2026[[#This Row],[QTD_CARTAO_EMITIDO]]>0,0*Rel_2026[[#This Row],[QTD_CARTAO_EMITIDO]])+IF(Rel_2026[[#This Row],[QTD_SUPER_PROTEGIDO]]>0,0*Rel_2026[[#This Row],[QTD_SUPER_PROTEGIDO]])+IF(Rel_2026[[#This Row],[QTD_CONTAS_PJ]]>0,0*Rel_2026[[#This Row],[QTD_CONTAS_PJ]])+IF(Rel_2026[[#This Row],[QTD_MICRO_VIVAVIDA]]>0,1*Rel_2026[[#This Row],[QTD_MICRO_VIVAVIDA]])+IF(Rel_2026[[#This Row],[qtd_microsseguro]]>0,1*Rel_2026[[#This Row],[qtd_microsseguro]])+IF(Rel_2026[[#This Row],[QTD_SEG_RESIDENCIAL]]>0,1*Rel_2026[[#This Row],[QTD_SEG_RESIDENCIAL]])+IF(Rel_2026[[#This Row],[QTD_PLANO_ODONTO]]>0,1*Rel_2026[[#This Row],[QTD_PLANO_ODONTO]])+IF(Rel_2026[[#This Row],[vlr_lime]]>0,1*ROUND(Rel_2026[[#This Row],[vlr_lime]]/100,0))+ROUND(IF(Rel_2026[[#This Row],[VLR_CREDITO_PARCEL]]>500,1*Rel_2026[[#This Row],[VLR_CREDITO_PARCEL]]/500),0)+ROUND(Rel_2026[[#This Row],[vlr_consignado_total]]/1000,0)+ROUND(Rel_2026[[#This Row],[VLR_EXP_SORTE]]/50,0) -> 7 | AM80: =SUM(Rel_2026[[#This Row],[qtd_TrxContabil]:[VLR_EXP_SORTE]]) -> 344 | AN80: =IF(Rel_2026[[#This Row],[qtd_contas_com_deposito]]>0,7*Rel_2026[[#This Row],[qtd_contas_com_deposito]])+IF((Rel_2026[[#This Row],[qtd_contas]]-Rel_2026[[#This Row],[qtd_contas_com_deposito]])>0,(Rel_2026[[#This Row],[qtd_contas]]-Rel_2026[[#This Row],[qtd_contas_com_deposito]])*3)+IF(Rel_2026[[#This Row],[qtd_cesta_serv]]>0,3*Rel_2026[[#This Row],[qtd_cesta_serv]])+IF(Rel_2026[[#This Row],[QTD_CARTAO_EMITIDO]]>0,0*Rel_2026[[#This Row],[QTD_CARTAO_EMITIDO]])+IF(Rel_2026[[#This Row],[QTD_SUPER_PROTEGIDO]]>0,0*Rel_2026[[#This Row],[QTD_SUPER_PROTEGIDO]])+IF(Rel_2026[[#This Row],[QTD_CONTAS_PJ]]>0,0*Rel_2026[[#This Row],[QTD_CONTAS_PJ]])+IF(Rel_2026[[#This Row],[QTD_MICRO_VIVAVIDA]]>0,1*Rel_2026[[#This Row],[QTD_MICRO_VIVAVIDA]])+IF(Rel_2026[[#This Row],[qtd_microsseguro]]>0,1*Rel_2026[[#This Row],[qtd_microsseguro]])+IF(Rel_2026[[#This Row],[QTD_SEG_RESIDENCIAL]]>0,1*Rel_2026[[#This Row],[QTD_SEG_RESIDENCIAL]])+IF(Rel_2026[[#This Row],[QTD_PLANO_ODONTO]]>0,1*Rel_2026[[#This Row],[QTD_PLANO_ODONTO]])+IF(Rel_2026[[#This Row],[vlr_lime]]>0,1*ROUND(Rel_2026[[#This Row],[vlr_lime]]/100,0))+ROUND(IF(Rel_2026[[#This Row],[VLR_CREDITO_PARCEL]]>500,1*Rel_2026[[#This Row],[VLR_CREDITO_PARCEL]]/500),0)+ROUND(Rel_2026[[#This Row],[vlr_consignado_total]]/1000,0)+ROUND(Rel_2026[[#This Row],[VLR_EXP_SORTE]]/50,0) -> 10
A81: =IF(Rel_2026[[#This Row],[Zero]]=0,"Zero",IF(Rel_2026[[#This Row],[Pontuação]]>=10,"Sim",IF(Rel_2026[[#This Row],[Pontuação]]>=5,"Próximo","Não"))) -> Não | B81: =IF(Rel_2026[[#This Row],[Zero]]=0,"Zero",IF(Rel_2026[[#This Row],[Pontuação2]]>=10,"Sim",IF(Rel_2026[[#This Row],[Pontuação2]]>=5,"Próximo","Não"))) -> Não | C81: =IFERROR(VLOOKUP(Rel_2026[[#This Row],[chave_loja]],Responsavel!A:B,2,FALSE),"EUCLIDES") -> NYCOLLAS | D81: =LEFT(Rel_2026[[#This Row],[ag_pacb]],4) -> 5447 | E81: 416500 | F81: Mercadinho Herminio lj 002 | G81: 5447/139 | H81: 45908 | I81: CE | J81: PENTECOSTE | K81: 45897 | M81: FORTALEZA OESTE | N81: 46254 | O81: 197 | P81: 0 | Q81: 0 | R81: 0 | S81: 0 | T81: 0 | U81: 0 | V81: 0 | W81: 0 | X81: 0 | Y81: 0 | Z81: 0 | AA81: 0 | AB81: 0 | AC81: 0 | AD81: 0 | AE81: 0 | AF81: 0 | AG81: 0 | AH81: Sim | AI81: Desbloqueado | AK81: TREINADO | AL81: =IF(Rel_2026[[#This Row],[qtd_contas_com_deposito]]>0,7*Rel_2026[[#This Row],[qtd_contas_com_deposito]])+IF((Rel_2026[[#This Row],[qtd_contas]]-Rel_2026[[#This Row],[qtd_contas_com_deposito]])>0,(Rel_2026[[#This Row],[qtd_contas]]-Rel_2026[[#This Row],[qtd_contas_com_deposito]])*3)+IF(Rel_2026[[#This Row],[qtd_cesta_serv]]>0,0*Rel_2026[[#This Row],[qtd_cesta_serv]])+IF(Rel_2026[[#This Row],[QTD_CARTAO_EMITIDO]]>0,0*Rel_2026[[#This Row],[QTD_CARTAO_EMITIDO]])+IF(Rel_2026[[#This Row],[QTD_SUPER_PROTEGIDO]]>0,0*Rel_2026[[#This Row],[QTD_SUPER_PROTEGIDO]])+IF(Rel_2026[[#This Row],[QTD_CONTAS_PJ]]>0,0*Rel_2026[[#This Row],[QTD_CONTAS_PJ]])+IF(Rel_2026[[#This Row],[QTD_MICRO_VIVAVIDA]]>0,1*Rel_2026[[#This Row],[QTD_MICRO_VIVAVIDA]])+IF(Rel_2026[[#This Row],[qtd_microsseguro]]>0,1*Rel_2026[[#This Row],[qtd_microsseguro]])+IF(Rel_2026[[#This Row],[QTD_SEG_RESIDENCIAL]]>0,1*Rel_2026[[#This Row],[QTD_SEG_RESIDENCIAL]])+IF(Rel_2026[[#This Row],[QTD_PLANO_ODONTO]]>0,1*Rel_2026[[#This Row],[QTD_PLANO_ODONTO]])+IF(Rel_2026[[#This Row],[vlr_lime]]>0,1*ROUND(Rel_2026[[#This Row],[vlr_lime]]/100,0))+ROUND(IF(Rel_2026[[#This Row],[VLR_CREDITO_PARCEL]]>500,1*Rel_2026[[#This Row],[VLR_CREDITO_PARCEL]]/500),0)+ROUND(Rel_2026[[#This Row],[vlr_consignado_total]]/1000,0)+ROUND(Rel_2026[[#This Row],[VLR_EXP_SORTE]]/50,0) -> 0 | AM81: =SUM(Rel_2026[[#This Row],[qtd_TrxContabil]:[VLR_EXP_SORTE]]) -> 197 | AN81: =IF(Rel_2026[[#This Row],[qtd_contas_com_deposito]]>0,7*Rel_2026[[#This Row],[qtd_contas_com_deposito]])+IF((Rel_2026[[#This Row],[qtd_contas]]-Rel_2026[[#This Row],[qtd_contas_com_deposito]])>0,(Rel_2026[[#This Row],[qtd_contas]]-Rel_2026[[#This Row],[qtd_contas_com_deposito]])*3)+IF(Rel_2026[[#This Row],[qtd_cesta_serv]]>0,3*Rel_2026[[#This Row],[qtd_cesta_serv]])+IF(Rel_2026[[#This Row],[QTD_CARTAO_EMITIDO]]>0,0*Rel_2026[[#This Row],[QTD_CARTAO_EMITIDO]])+IF(Rel_2026[[#This Row],[QTD_SUPER_PROTEGIDO]]>0,0*Rel_2026[[#This Row],[QTD_SUPER_PROTEGIDO]])+IF(Rel_2026[[#This Row],[QTD_CONTAS_PJ]]>0,0*Rel_2026[[#This Row],[QTD_CONTAS_PJ]])+IF(Rel_2026[[#This Row],[QTD_MICRO_VIVAVIDA]]>0,1*Rel_2026[[#This Row],[QTD_MICRO_VIVAVIDA]])+IF(Rel_2026[[#This Row],[qtd_microsseguro]]>0,1*Rel_2026[[#This Row],[qtd_microsseguro]])+IF(Rel_2026[[#This Row],[QTD_SEG_RESIDENCIAL]]>0,1*Rel_2026[[#This Row],[QTD_SEG_RESIDENCIAL]])+IF(Rel_2026[[#This Row],[QTD_PLANO_ODONTO]]>0,1*Rel_2026[[#This Row],[QTD_PLANO_ODONTO]])+IF(Rel_2026[[#This Row],[vlr_lime]]>0,1*ROUND(Rel_2026[[#This Row],[vlr_lime]]/100,0))+ROUND(IF(Rel_2026[[#This Row],[VLR_CREDITO_PARCEL]]>500,1*Rel_2026[[#This Row],[VLR_CREDITO_PARCEL]]/500),0)+ROUND(Rel_2026[[#This Row],[vlr_consignado_total]]/1000,0)+ROUND(Rel_2026[[#This Row],[VLR_EXP_SORTE]]/50,0) -> 0
A82: =IF(Rel_2026[[#This Row],[Zero]]=0,"Zero",IF(Rel_2026[[#This Row],[Pontuação]]>=10,"Sim",IF(Rel_2026[[#This Row],[Pontuação]]>=5,"Próximo","Não"))) -> Não | B82: =IF(Rel_2026[[#This Row],[Zero]]=0,"Zero",IF(Rel_2026[[#This Row],[Pontuação2]]>=10,"Sim",IF(Rel_2026[[#This Row],[Pontuação2]]>=5,"Próximo","Não"))) -> Não | C82: =IFERROR(VLOOKUP(Rel_2026[[#This Row],[chave_loja]],Responsavel!A:B,2,FALSE),"EUCLIDES") -> JACK | D82: =LEFT(Rel_2026[[#This Row],[ag_pacb]],4) -> 0985 | E82: 424446 | F82: Drogaria Saude Vital | G82: 0985/454 | H82: 46171 | I82: PI | J82: COCAL DE TELHA | K82: 46168 | L82: 46185 | M82: TERESINA | N82: 46254 | O82: 377 | P82: 0 | Q82: 0 | R82: 0 | S82: 0 | T82: 0 | U82: 0 | V82: 0 | W82: 0 | X82: 0 | Y82: 0 | Z82: 0 | AA82: 0 | AB82: 0 | AC82: 0 | AD82: 0 | AE82: 0 | AF82: 0 | AG82: 0 | AH82: Sim | AI82: Desbloqueado | AK82: TREINADO | AL82: =IF(Rel_2026[[#This Row],[qtd_contas_com_deposito]]>0,7*Rel_2026[[#This Row],[qtd_contas_com_deposito]])+IF((Rel_2026[[#This Row],[qtd_contas]]-Rel_2026[[#This Row],[qtd_contas_com_deposito]])>0,(Rel_2026[[#This Row],[qtd_contas]]-Rel_2026[[#This Row],[qtd_contas_com_deposito]])*3)+IF(Rel_2026[[#This Row],[qtd_cesta_serv]]>0,0*Rel_2026[[#This Row],[qtd_cesta_serv]])+IF(Rel_2026[[#This Row],[QTD_CARTAO_EMITIDO]]>0,0*Rel_2026[[#This Row],[QTD_CARTAO_EMITIDO]])+IF(Rel_2026[[#This Row],[QTD_SUPER_PROTEGIDO]]>0,0*Rel_2026[[#This Row],[QTD_SUPER_PROTEGIDO]])+IF(Rel_2026[[#This Row],[QTD_CONTAS_PJ]]>0,0*Rel_2026[[#This Row],[QTD_CONTAS_PJ]])+IF(Rel_2026[[#This Row],[QTD_MICRO_VIVAVIDA]]>0,1*Rel_2026[[#This Row],[QTD_MICRO_VIVAVIDA]])+IF(Rel_2026[[#This Row],[qtd_microsseguro]]>0,1*Rel_2026[[#This Row],[qtd_microsseguro]])+IF(Rel_2026[[#This Row],[QTD_SEG_RESIDENCIAL]]>0,1*Rel_2026[[#This Row],[QTD_SEG_RESIDENCIAL]])+IF(Rel_2026[[#This Row],[QTD_PLANO_ODONTO]]>0,1*Rel_2026[[#This Row],[QTD_PLANO_ODONTO]])+IF(Rel_2026[[#This Row],[vlr_lime]]>0,1*ROUND(Rel_2026[[#This Row],[vlr_lime]]/100,0))+ROUND(IF(Rel_2026[[#This Row],[VLR_CREDITO_PARCEL]]>500,1*Rel_2026[[#This Row],[VLR_CREDITO_PARCEL]]/500),0)+ROUND(Rel_2026[[#This Row],[vlr_consignado_total]]/1000,0)+ROUND(Rel_2026[[#This Row],[VLR_EXP_SORTE]]/50,0) -> 0 | AM82: =SUM(Rel_2026[[#This Row],[qtd_TrxContabil]:[VLR_EXP_SORTE]]) -> 377 | AN82: =IF(Rel_2026[[#This Row],[qtd_contas_com_deposito]]>0,7*Rel_2026[[#This Row],[qtd_contas_com_deposito]])+IF((Rel_2026[[#This Row],[qtd_contas]]-Rel_2026[[#This Row],[qtd_contas_com_deposito]])>0,(Rel_2026[[#This Row],[qtd_contas]]-Rel_2026[[#This Row],[qtd_contas_com_deposito]])*3)+IF(Rel_2026[[#This Row],[qtd_cesta_serv]]>0,3*Rel_2026[[#This Row],[qtd_cesta_serv]])+IF(Rel_2026[[#This Row],[QTD_CARTAO_EMITIDO]]>0,0*Rel_2026[[#This Row],[QTD_CARTAO_EMITIDO]])+IF(Rel_2026[[#This Row],[QTD_SUPER_PROTEGIDO]]>0,0*Rel_2026[[#This Row],[QTD_SUPER_PROTEGIDO]])+IF(Rel_2026[[#This Row],[QTD_CONTAS_PJ]]>0,0*Rel_2026[[#This Row],[QTD_CONTAS_PJ]])+IF(Rel_2026[[#This Row],[QTD_MICRO_VIVAVIDA]]>0,1*Rel_2026[[#This Row],[QTD_MICRO_VIVAVIDA]])+IF(Rel_2026[[#This Row],[qtd_microsseguro]]>0,1*Rel_2026[[#This Row],[qtd_microsseguro]])+IF(Rel_2026[[#This Row],[QTD_SEG_RESIDENCIAL]]>0,1*Rel_2026[[#This Row],[QTD_SEG_RESIDENCIAL]])+IF(Rel_2026[[#This Row],[QTD_PLANO_ODONTO]]>0,1*Rel_2026[[#This Row],[QTD_PLANO_ODONTO]])+IF(Rel_2026[[#This Row],[vlr_lime]]>0,1*ROUND(Rel_2026[[#This Row],[vlr_lime]]/100,0))+ROUND(IF(Rel_2026[[#This Row],[VLR_CREDITO_PARCEL]]>500,1*Rel_2026[[#This Row],[VLR_CREDITO_PARCEL]]/500),0)+ROUND(Rel_2026[[#This Row],[vlr_consignado_total]]/1000,0)+ROUND(Rel_2026[[#This Row],[VLR_EXP_SORTE]]/50,0) -> 0
A83: =IF(Rel_2026[[#This Row],[Zero]]=0,"Zero",IF(Rel_2026[[#This Row],[Pontuação]]>=10,"Sim",IF(Rel_2026[[#This Row],[Pontuação]]>=5,"Próximo","Não"))) -> Sim | B83: =IF(Rel_2026[[#This Row],[Zero]]=0,"Zero",IF(Rel_2026[[#This Row],[Pontuação2]]>=10,"Sim",IF(Rel_2026[[#This Row],[Pontuação2]]>=5,"Próximo","Não"))) -> Sim | C83: =IFERROR(VLOOKUP(Rel_2026[[#This Row],[chave_loja]],Responsavel!A:B,2,FALSE),"EUCLIDES") -> WASTHSON | D83: =LEFT(Rel_2026[[#This Row],[ag_pacb]],4) -> 0458 | E83: 232840 | F83: TOP MOVEIS SOBRAL II | G83: 0458/364 | H83: 45170 | I83: CE | J83: SOBRAL | K83: 45306 | L83: 45273 | M83: FORTALEZA OESTE | N83: 46253 | O83: 37 | P83: 16 | Q83: 0 | R83: 13 | S83: 5 | T83: 0 | U83: 0 | V83: 0 | W83: 0 | X83: 0 | Y83: 0 | Z83: 0 | AA83: 0 | AB83: 5 | AC83: 0 | AD83: 0 | AE83: 0 | AF83: 15 | AG83: 0 | AH83: Nao | AI83: Desbloqueado | AK83: TREINADO | AL83: =IF(Rel_2026[[#This Row],[qtd_contas_com_deposito]]>0,7*Rel_2026[[#This Row],[qtd_contas_com_deposito]])+IF((Rel_2026[[#This Row],[qtd_contas]]-Rel_2026[[#This Row],[qtd_contas_com_deposito]])>0,(Rel_2026[[#This Row],[qtd_contas]]-Rel_2026[[#This Row],[qtd_contas_com_deposito]])*3)+IF(Rel_2026[[#This Row],[qtd_cesta_serv]]>0,0*Rel_2026[[#This Row],[qtd_cesta_serv]])+IF(Rel_2026[[#This Row],[QTD_CARTAO_EMITIDO]]>0,0*Rel_2026[[#This Row],[QTD_CARTAO_EMITIDO]])+IF(Rel_2026[[#This Row],[QTD_SUPER_PROTEGIDO]]>0,0*Rel_2026[[#This Row],[QTD_SUPER_PROTEGIDO]])+IF(Rel_2026[[#This Row],[QTD_CONTAS_PJ]]>0,0*Rel_2026[[#This Row],[QTD_CONTAS_PJ]])+IF(Rel_2026[[#This Row],[QTD_MICRO_VIVAVIDA]]>0,1*Rel_2026[[#This Row],[QTD_MICRO_VIVAVIDA]])+IF(Rel_2026[[#This Row],[qtd_microsseguro]]>0,1*Rel_2026[[#This Row],[qtd_microsseguro]])+IF(Rel_2026[[#This Row],[QTD_SEG_RESIDENCIAL]]>0,1*Rel_2026[[#This Row],[QTD_SEG_RESIDENCIAL]])+IF(Rel_2026[[#This Row],[QTD_PLANO_ODONTO]]>0,1*Rel_2026[[#This Row],[QTD_PLANO_ODONTO]])+IF(Rel_2026[[#This Row],[vlr_lime]]>0,1*ROUND(Rel_2026[[#This Row],[vlr_lime]]/100,0))+ROUND(IF(Rel_2026[[#This Row],[VLR_CREDITO_PARCEL]]>500,1*Rel_2026[[#This Row],[VLR_CREDITO_PARCEL]]/500),0)+ROUND(Rel_2026[[#This Row],[vlr_consignado_total]]/1000,0)+ROUND(Rel_2026[[#This Row],[VLR_EXP_SORTE]]/50,0) -> 48 | AM83: =SUM(Rel_2026[[#This Row],[qtd_TrxContabil]:[VLR_EXP_SORTE]]) -> 91 | AN83: =IF(Rel_2026[[#This Row],[qtd_contas_com_deposito]]>0,7*Rel_2026[[#This Row],[qtd_contas_com_deposito]])+IF((Rel_2026[[#This Row],[qtd_contas]]-Rel_2026[[#This Row],[qtd_contas_com_deposito]])>0,(Rel_2026[[#This Row],[qtd_contas]]-Rel_2026[[#This Row],[qtd_contas_com_deposito]])*3)+IF(Rel_2026[[#This Row],[qtd_cesta_serv]]>0,3*Rel_2026[[#This Row],[qtd_cesta_serv]])+IF(Rel_2026[[#This Row],[QTD_CARTAO_EMITIDO]]>0,0*Rel_2026[[#This Row],[QTD_CARTAO_EMITIDO]])+IF(Rel_2026[[#This Row],[QTD_SUPER_PROTEGIDO]]>0,0*Rel_2026[[#This Row],[QTD_SUPER_PROTEGIDO]])+IF(Rel_2026[[#This Row],[QTD_CONTAS_PJ]]>0,0*Rel_2026[[#This Row],[QTD_CONTAS_PJ]])+IF(Rel_2026[[#This Row],[QTD_MICRO_VIVAVIDA]]>0,1*Rel_2026[[#This Row],[QTD_MICRO_VIVAVIDA]])+IF(Rel_2026[[#This Row],[qtd_microsseguro]]>0,1*Rel_2026[[#This Row],[qtd_microsseguro]])+IF(Rel_2026[[#This Row],[QTD_SEG_RESIDENCIAL]]>0,1*Rel_2026[[#This Row],[QTD_SEG_RESIDENCIAL]])+IF(Rel_2026[[#This Row],[QTD_PLANO_ODONTO]]>0,1*Rel_2026[[#This Row],[QTD_PLANO_ODONTO]])+IF(Rel_2026[[#This Row],[vlr_lime]]>0,1*ROUND(Rel_2026[[#This Row],[vlr_lime]]/100,0))+ROUND(IF(Rel_2026[[#This Row],[VLR_CREDITO_PARCEL]]>500,1*Rel_2026[[#This Row],[VLR_CREDITO_PARCEL]]/500),0)+ROUND(Rel_2026[[#This Row],[vlr_consignado_total]]/1000,0)+ROUND(Rel_2026[[#This Row],[VLR_EXP_SORTE]]/50,0) -> 87
A84: =IF(Rel_2026[[#This Row],[Zero]]=0,"Zero",IF(Rel_2026[[#This Row],[Pontuação]]>=10,"Sim",IF(Rel_2026[[#This Row],[Pontuação]]>=5,"Próximo","Não"))) -> Não | B84: =IF(Rel_2026[[#This Row],[Zero]]=0,"Zero",IF(Rel_2026[[#This Row],[Pontuação2]]>=10,"Sim",IF(Rel_2026[[#This Row],[Pontuação2]]>=5,"Próximo","Não"))) -> Não | C84: =IFERROR(VLOOKUP(Rel_2026[[#This Row],[chave_loja]],Responsavel!A:B,2,FALSE),"EUCLIDES") -> GIL | D84: =LEFT(Rel_2026[[#This Row],[ag_pacb]],4) -> 5387 | E84: 248604 | F84: MERCADINHO NOSSA SENHORA DO LIVRAMENTO | G84: 5387/132 | H84: 45092 | I84: CE | J84: MARTINOPOLE | K84: 45159 | L84: 45119 | M84: FORTALEZA OESTE | N84: 46254 | O84: 170 | P84: 0 | Q84: 0 | R84: 0 | S84: 0 | T84: 0 | U84: 0 | V84: 0 | W84: 0 | X84: 0 | Y84: 0 | Z84: 0 | AA84: 0 | AB84: 0 | AC84: 0 | AD84: 0 | AE84: 0 | AF84: 0 | AG84: 0 | AH84: Nao | AI84: Desbloqueado | AK84: TREINADO | AL84: =IF(Rel_2026[[#This Row],[qtd_contas_com_deposito]]>0,7*Rel_2026[[#This Row],[qtd_contas_com_deposito]])+IF((Rel_2026[[#This Row],[qtd_contas]]-Rel_2026[[#This Row],[qtd_contas_com_deposito]])>0,(Rel_2026[[#This Row],[qtd_contas]]-Rel_2026[[#This Row],[qtd_contas_com_deposito]])*3)+IF(Rel_2026[[#This Row],[qtd_cesta_serv]]>0,0*Rel_2026[[#This Row],[qtd_cesta_serv]])+IF(Rel_2026[[#This Row],[QTD_CARTAO_EMITIDO]]>0,0*Rel_2026[[#This Row],[QTD_CARTAO_EMITIDO]])+IF(Rel_2026[[#This Row],[QTD_SUPER_PROTEGIDO]]>0,0*Rel_2026[[#This Row],[QTD_SUPER_PROTEGIDO]])+IF(Rel_2026[[#This Row],[QTD_CONTAS_PJ]]>0,0*Rel_2026[[#This Row],[QTD_CONTAS_PJ]])+IF(Rel_2026[[#This Row],[QTD_MICRO_VIVAVIDA]]>0,1*Rel_2026[[#This Row],[QTD_MICRO_VIVAVIDA]])+IF(Rel_2026[[#This Row],[qtd_microsseguro]]>0,1*Rel_2026[[#This Row],[qtd_microsseguro]])+IF(Rel_2026[[#This Row],[QTD_SEG_RESIDENCIAL]]>0,1*Rel_2026[[#This Row],[QTD_SEG_RESIDENCIAL]])+IF(Rel_2026[[#This Row],[QTD_PLANO_ODONTO]]>0,1*Rel_2026[[#This Row],[QTD_PLANO_ODONTO]])+IF(Rel_2026[[#This Row],[vlr_lime]]>0,1*ROUND(Rel_2026[[#This Row],[vlr_lime]]/100,0))+ROUND(IF(Rel_2026[[#This Row],[VLR_CREDITO_PARCEL]]>500,1*Rel_2026[[#This Row],[VLR_CREDITO_PARCEL]]/500),0)+ROUND(Rel_2026[[#This Row],[vlr_consignado_total]]/1000,0)+ROUND(Rel_2026[[#This Row],[VLR_EXP_SORTE]]/50,0) -> 0 | AM84: =SUM(Rel_2026[[#This Row],[qtd_TrxContabil]:[VLR_EXP_SORTE]]) -> 170 | AN84: =IF(Rel_2026[[#This Row],[qtd_contas_com_deposito]]>0,7*Rel_2026[[#This Row],[qtd_contas_com_deposito]])+IF((Rel_2026[[#This Row],[qtd_contas]]-Rel_2026[[#This Row],[qtd_contas_com_deposito]])>0,(Rel_2026[[#This Row],[qtd_contas]]-Rel_2026[[#This Row],[qtd_contas_com_deposito]])*3)+IF(Rel_2026[[#This Row],[qtd_cesta_serv]]>0,3*Rel_2026[[#This Row],[qtd_cesta_serv]])+IF(Rel_2026[[#This Row],[QTD_CARTAO_EMITIDO]]>0,0*Rel_2026[[#This Row],[QTD_CARTAO_EMITIDO]])+IF(Rel_2026[[#This Row],[QTD_SUPER_PROTEGIDO]]>0,0*Rel_2026[[#This Row],[QTD_SUPER_PROTEGIDO]])+IF(Rel_2026[[#This Row],[QTD_CONTAS_PJ]]>0,0*Rel_2026[[#This Row],[QTD_CONTAS_PJ]])+IF(Rel_2026[[#This Row],[QTD_MICRO_VIVAVIDA]]>0,1*Rel_2026[[#This Row],[QTD_MICRO_VIVAVIDA]])+IF(Rel_2026[[#This Row],[qtd_microsseguro]]>0,1*Rel_2026[[#This Row],[qtd_microsseguro]])+IF(Rel_2026[[#This Row],[QTD_SEG_RESIDENCIAL]]>0,1*Rel_2026[[#This Row],[QTD_SEG_RESIDENCIAL]])+IF(Rel_2026[[#This Row],[QTD_PLANO_ODONTO]]>0,1*Rel_2026[[#This Row],[QTD_PLANO_ODONTO]])+IF(Rel_2026[[#This Row],[vlr_lime]]>0,1*ROUND(Rel_2026[[#This Row],[vlr_lime]]/100,0))+ROUND(IF(Rel_2026[[#This Row],[VLR_CREDITO_PARCEL]]>500,1*Rel_2026[[#This Row],[VLR_CREDITO_PARCEL]]/500),0)+ROUND(Rel_2026[[#This Row],[vlr_consignado_total]]/1000,0)+ROUND(Rel_2026[[#This Row],[VLR_EXP_SORTE]]/50,0) -> 0
A85: =IF(Rel_2026[[#This Row],[Zero]]=0,"Zero",IF(Rel_2026[[#This Row],[Pontuação]]>=10,"Sim",IF(Rel_2026[[#This Row],[Pontuação]]>=5,"Próximo","Não"))) -> Sim | B85: =IF(Rel_2026[[#This Row],[Zero]]=0,"Zero",IF(Rel_2026[[#This Row],[Pontuação2]]>=10,"Sim",IF(Rel_2026[[#This Row],[Pontuação2]]>=5,"Próximo","Não"))) -> Sim | C85: =IFERROR(VLOOKUP(Rel_2026[[#This Row],[chave_loja]],Responsavel!A:B,2,FALSE),"EUCLIDES") -> JUNIOR | D85: =LEFT(Rel_2026[[#This Row],[ag_pacb]],4) -> 2245 | E85: 425351 | F85: Shalon Variedades 2245 | G85: 2245/078 | H85: 46231 | I85: CE | J85: ITAREMA | K85: 46226 | L85: 46037 | M85: FORTALEZA OESTE | N85: 46254 | O85: 190 | P85: 9 | Q85: 6 | R85: 4 | S85: 0 | T85: 0 | U85: 145000 | V85: 145000 | W85: 0 | X85: 0 | Y85: 6700 | Z85: 0 | AA85: 0 | AB85: 0 | AC85: 0 | AD85: 0 | AE85: 0 | AF85: 0 | AG85: 0 | AH85: Nao | AI85: Desbloqueado | AK85: TREINADO | AL85: =IF(Rel_2026[[#This Row],[qtd_contas_com_deposito]]>0,7*Rel_2026[[#This Row],[qtd_contas_com_deposito]])+IF((Rel_2026[[#This Row],[qtd_contas]]-Rel_2026[[#This Row],[qtd_contas_com_deposito]])>0,(Rel_2026[[#This Row],[qtd_contas]]-Rel_2026[[#This Row],[qtd_contas_com_deposito]])*3)+IF(Rel_2026[[#This Row],[qtd_cesta_serv]]>0,0*Rel_2026[[#This Row],[qtd_cesta_serv]])+IF(Rel_2026[[#This Row],[QTD_CARTAO_EMITIDO]]>0,0*Rel_2026[[#This Row],[QTD_CARTAO_EMITIDO]])+IF(Rel_2026[[#This Row],[QTD_SUPER_PROTEGIDO]]>0,0*Rel_2026[[#This Row],[QTD_SUPER_PROTEGIDO]])+IF(Rel_2026[[#This Row],[QTD_CONTAS_PJ]]>0,0*Rel_2026[[#This Row],[QTD_CONTAS_PJ]])+IF(Rel_2026[[#This Row],[QTD_MICRO_VIVAVIDA]]>0,1*Rel_2026[[#This Row],[QTD_MICRO_VIVAVIDA]])+IF(Rel_2026[[#This Row],[qtd_microsseguro]]>0,1*Rel_2026[[#This Row],[qtd_microsseguro]])+IF(Rel_2026[[#This Row],[QTD_SEG_RESIDENCIAL]]>0,1*Rel_2026[[#This Row],[QTD_SEG_RESIDENCIAL]])+IF(Rel_2026[[#This Row],[QTD_PLANO_ODONTO]]>0,1*Rel_2026[[#This Row],[QTD_PLANO_ODONTO]])+IF(Rel_2026[[#This Row],[vlr_lime]]>0,1*ROUND(Rel_2026[[#This Row],[vlr_lime]]/100,0))+ROUND(IF(Rel_2026[[#This Row],[VLR_CREDITO_PARCEL]]>500,1*Rel_2026[[#This Row],[VLR_CREDITO_PARCEL]]/500),0)+ROUND(Rel_2026[[#This Row],[vlr_consignado_total]]/1000,0)+ROUND(Rel_2026[[#This Row],[VLR_EXP_SORTE]]/50,0) -> 209 | AM85: =SUM(Rel_2026[[#This Row],[qtd_TrxContabil]:[VLR_EXP_SORTE]]) -> 296909 | AN85: =IF(Rel_2026[[#This Row],[qtd_contas_com_deposito]]>0,7*Rel_2026[[#This Row],[qtd_contas_com_deposito]])+IF((Rel_2026[[#This Row],[qtd_contas]]-Rel_2026[[#This Row],[qtd_contas_com_deposito]])>0,(Rel_2026[[#This Row],[qtd_contas]]-Rel_2026[[#This Row],[qtd_contas_com_deposito]])*3)+IF(Rel_2026[[#This Row],[qtd_cesta_serv]]>0,3*Rel_2026[[#This Row],[qtd_cesta_serv]])+IF(Rel_2026[[#This Row],[QTD_CARTAO_EMITIDO]]>0,0*Rel_2026[[#This Row],[QTD_CARTAO_EMITIDO]])+IF(Rel_2026[[#This Row],[QTD_SUPER_PROTEGIDO]]>0,0*Rel_2026[[#This Row],[QTD_SUPER_PROTEGIDO]])+IF(Rel_2026[[#This Row],[QTD_CONTAS_PJ]]>0,0*Rel_2026[[#This Row],[QTD_CONTAS_PJ]])+IF(Rel_2026[[#This Row],[QTD_MICRO_VIVAVIDA]]>0,1*Rel_2026[[#This Row],[QTD_MICRO_VIVAVIDA]])+IF(Rel_2026[[#This Row],[qtd_microsseguro]]>0,1*Rel_2026[[#This Row],[qtd_microsseguro]])+IF(Rel_2026[[#This Row],[QTD_SEG_RESIDENCIAL]]>0,1*Rel_2026[[#This Row],[QTD_SEG_RESIDENCIAL]])+IF(Rel_2026[[#This Row],[QTD_PLANO_ODONTO]]>0,1*Rel_2026[[#This Row],[QTD_PLANO_ODONTO]])+IF(Rel_2026[[#This Row],[vlr_lime]]>0,1*ROUND(Rel_2026[[#This Row],[vlr_lime]]/100,0))+ROUND(IF(Rel_2026[[#This Row],[VLR_CREDITO_PARCEL]]>500,1*Rel_2026[[#This Row],[VLR_CREDITO_PARCEL]]/500),0)+ROUND(Rel_2026[[#This Row],[vlr_consignado_total]]/1000,0)+ROUND(Rel_2026[[#This Row],[VLR_EXP_SORTE]]/50,0) -> 221
A86: =IF(Rel_2026[[#This Row],[Zero]]=0,"Zero",IF(Rel_2026[[#This Row],[Pontuação]]>=10,"Sim",IF(Rel_2026[[#This Row],[Pontuação]]>=5,"Próximo","Não"))) -> Sim | B86: =IF(Rel_2026[[#This Row],[Zero]]=0,"Zero",IF(Rel_2026[[#This Row],[Pontuação2]]>=10,"Sim",IF(Rel_2026[[#This Row],[Pontuação2]]>=5,"Próximo","Não"))) -> Sim | C86: =IFERROR(VLOOKUP(Rel_2026[[#This Row],[chave_loja]],Responsavel!A:B,2,FALSE),"EUCLIDES") -> PAULO | D86: =LEFT(Rel_2026[[#This Row],[ag_pacb]],4) -> 0937 | E86: 69957 | F86: RR INFORMATICA | G86: 0937/331 | H86: 44978 | I86: PI | J86: IPIRANGA DO PIAUI | K86: 43915 | L86: 45524 | M86: TERESINA | N86: 46254 | O86: 2705 | P86: 3 | Q86: 1 | R86: 3 | S86: 0 | T86: 0 | U86: 4873 | V86: 4873 | W86: 0 | X86: 0 | Y86: 0 | Z86: 0 | AA86: 0 | AB86: 0 | AC86: 2 | AD86: 0 | AE86: 3 | AF86: 0 | AG86: 0 | AH86: Nao | AI86: Desbloqueado | AK86: TREINADO | AL86: =IF(Rel_2026[[#This Row],[qtd_contas_com_deposito]]>0,7*Rel_2026[[#This Row],[qtd_contas_com_deposito]])+IF((Rel_2026[[#This Row],[qtd_contas]]-Rel_2026[[#This Row],[qtd_contas_com_deposito]])>0,(Rel_2026[[#This Row],[qtd_contas]]-Rel_2026[[#This Row],[qtd_contas_com_deposito]])*3)+IF(Rel_2026[[#This Row],[qtd_cesta_serv]]>0,0*Rel_2026[[#This Row],[qtd_cesta_serv]])+IF(Rel_2026[[#This Row],[QTD_CARTAO_EMITIDO]]>0,0*Rel_2026[[#This Row],[QTD_CARTAO_EMITIDO]])+IF(Rel_2026[[#This Row],[QTD_SUPER_PROTEGIDO]]>0,0*Rel_2026[[#This Row],[QTD_SUPER_PROTEGIDO]])+IF(Rel_2026[[#This Row],[QTD_CONTAS_PJ]]>0,0*Rel_2026[[#This Row],[QTD_CONTAS_PJ]])+IF(Rel_2026[[#This Row],[QTD_MICRO_VIVAVIDA]]>0,1*Rel_2026[[#This Row],[QTD_MICRO_VIVAVIDA]])+IF(Rel_2026[[#This Row],[qtd_microsseguro]]>0,1*Rel_2026[[#This Row],[qtd_microsseguro]])+IF(Rel_2026[[#This Row],[QTD_SEG_RESIDENCIAL]]>0,1*Rel_2026[[#This Row],[QTD_SEG_RESIDENCIAL]])+IF(Rel_2026[[#This Row],[QTD_PLANO_ODONTO]]>0,1*Rel_2026[[#This Row],[QTD_PLANO_ODONTO]])+IF(Rel_2026[[#This Row],[vlr_lime]]>0,1*ROUND(Rel_2026[[#This Row],[vlr_lime]]/100,0))+ROUND(IF(Rel_2026[[#This Row],[VLR_CREDITO_PARCEL]]>500,1*Rel_2026[[#This Row],[VLR_CREDITO_PARCEL]]/500),0)+ROUND(Rel_2026[[#This Row],[vlr_consignado_total]]/1000,0)+ROUND(Rel_2026[[#This Row],[VLR_EXP_SORTE]]/50,0) -> 23 | AM86: =SUM(Rel_2026[[#This Row],[qtd_TrxContabil]:[VLR_EXP_SORTE]]) -> 12463 | AN86: =IF(Rel_2026[[#This Row],[qtd_contas_com_deposito]]>0,7*Rel_2026[[#This Row],[qtd_contas_com_deposito]])+IF((Rel_2026[[#This Row],[qtd_contas]]-Rel_2026[[#This Row],[qtd_contas_com_deposito]])>0,(Rel_2026[[#This Row],[qtd_contas]]-Rel_2026[[#This Row],[qtd_contas_com_deposito]])*3)+IF(Rel_2026[[#This Row],[qtd_cesta_serv]]>0,3*Rel_2026[[#This Row],[qtd_cesta_serv]])+IF(Rel_2026[[#This Row],[QTD_CARTAO_EMITIDO]]>0,0*Rel_2026[[#This Row],[QTD_CARTAO_EMITIDO]])+IF(Rel_2026[[#This Row],[QTD_SUPER_PROTEGIDO]]>0,0*Rel_2026[[#This Row],[QTD_SUPER_PROTEGIDO]])+IF(Rel_2026[[#This Row],[QTD_CONTAS_PJ]]>0,0*Rel_2026[[#This Row],[QTD_CONTAS_PJ]])+IF(Rel_2026[[#This Row],[QTD_MICRO_VIVAVIDA]]>0,1*Rel_2026[[#This Row],[QTD_MICRO_VIVAVIDA]])+IF(Rel_2026[[#This Row],[qtd_microsseguro]]>0,1*Rel_2026[[#This Row],[qtd_microsseguro]])+IF(Rel_2026[[#This Row],[QTD_SEG_RESIDENCIAL]]>0,1*Rel_2026[[#This Row],[QTD_SEG_RESIDENCIAL]])+IF(Rel_2026[[#This Row],[QTD_PLANO_ODONTO]]>0,1*Rel_2026[[#This Row],[QTD_PLANO_ODONTO]])+IF(Rel_2026[[#This Row],[vlr_lime]]>0,1*ROUND(Rel_2026[[#This Row],[vlr_lime]]/100,0))+ROUND(IF(Rel_2026[[#This Row],[VLR_CREDITO_PARCEL]]>500,1*Rel_2026[[#This Row],[VLR_CREDITO_PARCEL]]/500),0)+ROUND(Rel_2026[[#This Row],[vlr_consignado_total]]/1000,0)+ROUND(Rel_2026[[#This Row],[VLR_EXP_SORTE]]/50,0) -> 32
A87: =IF(Rel_2026[[#This Row],[Zero]]=0,"Zero",IF(Rel_2026[[#This Row],[Pontuação]]>=10,"Sim",IF(Rel_2026[[#This Row],[Pontuação]]>=5,"Próximo","Não"))) -> Próximo | B87: =IF(Rel_2026[[#This Row],[Zero]]=0,"Zero",IF(Rel_2026[[#This Row],[Pontuação2]]>=10,"Sim",IF(Rel_2026[[#This Row],[Pontuação2]]>=5,"Próximo","Não"))) -> Sim | C87: =IFERROR(VLOOKUP(Rel_2026[[#This Row],[chave_loja]],Responsavel!A:B,2,FALSE),"EUCLIDES") -> WASTHSON | D87: =LEFT(Rel_2026[[#This Row],[ag_pacb]],4) -> 0458 | E87: 217051 | F87: FARMARRUDA | G87: 0458/387 | H87: 44207 | I87: CE | J87: MORAUJO | K87: 45152 | L87: 45805 | M87: FORTALEZA OESTE | N87: 46254 | O87: 581 | P87: 1 | Q87: 1 | R87: 1 | S87: 0 | T87: 0 | U87: 0 | V87: 0 | W87: 0 | X87: 0 | Y87: 0 | Z87: 0 | AA87: 1 | AB87: 0 | AC87: 0 | AD87: 0 | AE87: 0 | AF87: 0 | AG87: 0 | AH87: Sim | AI87: Desbloqueado | AK87: TREINADO | AL87: =IF(Rel_2026[[#This Row],[qtd_contas_com_deposito]]>0,7*Rel_2026[[#This Row],[qtd_contas_com_deposito]])+IF((Rel_2026[[#This Row],[qtd_contas]]-Rel_2026[[#This Row],[qtd_contas_com_deposito]])>0,(Rel_2026[[#This Row],[qtd_contas]]-Rel_2026[[#This Row],[qtd_contas_com_deposito]])*3)+IF(Rel_2026[[#This Row],[qtd_cesta_serv]]>0,0*Rel_2026[[#This Row],[qtd_cesta_serv]])+IF(Rel_2026[[#This Row],[QTD_CARTAO_EMITIDO]]>0,0*Rel_2026[[#This Row],[QTD_CARTAO_EMITIDO]])+IF(Rel_2026[[#This Row],[QTD_SUPER_PROTEGIDO]]>0,0*Rel_2026[[#This Row],[QTD_SUPER_PROTEGIDO]])+IF(Rel_2026[[#This Row],[QTD_CONTAS_PJ]]>0,0*Rel_2026[[#This Row],[QTD_CONTAS_PJ]])+IF(Rel_2026[[#This Row],[QTD_MICRO_VIVAVIDA]]>0,1*Rel_2026[[#This Row],[QTD_MICRO_VIVAVIDA]])+IF(Rel_2026[[#This Row],[qtd_microsseguro]]>0,1*Rel_2026[[#This Row],[qtd_microsseguro]])+IF(Rel_2026[[#This Row],[QTD_SEG_RESIDENCIAL]]>0,1*Rel_2026[[#This Row],[QTD_SEG_RESIDENCIAL]])+IF(Rel_2026[[#This Row],[QTD_PLANO_ODONTO]]>0,1*Rel_2026[[#This Row],[QTD_PLANO_ODONTO]])+IF(Rel_2026[[#This Row],[vlr_lime]]>0,1*ROUND(Rel_2026[[#This Row],[vlr_lime]]/100,0))+ROUND(IF(Rel_2026[[#This Row],[VLR_CREDITO_PARCEL]]>500,1*Rel_2026[[#This Row],[VLR_CREDITO_PARCEL]]/500),0)+ROUND(Rel_2026[[#This Row],[vlr_consignado_total]]/1000,0)+ROUND(Rel_2026[[#This Row],[VLR_EXP_SORTE]]/50,0) -> 8 | AM87: =SUM(Rel_2026[[#This Row],[qtd_TrxContabil]:[VLR_EXP_SORTE]]) -> 585 | AN87: =IF(Rel_2026[[#This Row],[qtd_contas_com_deposito]]>0,7*Rel_2026[[#This Row],[qtd_contas_com_deposito]])+IF((Rel_2026[[#This Row],[qtd_contas]]-Rel_2026[[#This Row],[qtd_contas_com_deposito]])>0,(Rel_2026[[#This Row],[qtd_contas]]-Rel_2026[[#This Row],[qtd_contas_com_deposito]])*3)+IF(Rel_2026[[#This Row],[qtd_cesta_serv]]>0,3*Rel_2026[[#This Row],[qtd_cesta_serv]])+IF(Rel_2026[[#This Row],[QTD_CARTAO_EMITIDO]]>0,0*Rel_2026[[#This Row],[QTD_CARTAO_EMITIDO]])+IF(Rel_2026[[#This Row],[QTD_SUPER_PROTEGIDO]]>0,0*Rel_2026[[#This Row],[QTD_SUPER_PROTEGIDO]])+IF(Rel_2026[[#This Row],[QTD_CONTAS_PJ]]>0,0*Rel_2026[[#This Row],[QTD_CONTAS_PJ]])+IF(Rel_2026[[#This Row],[QTD_MICRO_VIVAVIDA]]>0,1*Rel_2026[[#This Row],[QTD_MICRO_VIVAVIDA]])+IF(Rel_2026[[#This Row],[qtd_microsseguro]]>0,1*Rel_2026[[#This Row],[qtd_microsseguro]])+IF(Rel_2026[[#This Row],[QTD_SEG_RESIDENCIAL]]>0,1*Rel_2026[[#This Row],[QTD_SEG_RESIDENCIAL]])+IF(Rel_2026[[#This Row],[QTD_PLANO_ODONTO]]>0,1*Rel_2026[[#This Row],[QTD_PLANO_ODONTO]])+IF(Rel_2026[[#This Row],[vlr_lime]]>0,1*ROUND(Rel_2026[[#This Row],[vlr_lime]]/100,0))+ROUND(IF(Rel_2026[[#This Row],[VLR_CREDITO_PARCEL]]>500,1*Rel_2026[[#This Row],[VLR_CREDITO_PARCEL]]/500),0)+ROUND(Rel_2026[[#This Row],[vlr_consignado_total]]/1000,0)+ROUND(Rel_2026[[#This Row],[VLR_EXP_SORTE]]/50,0) -> 11
A88: =IF(Rel_2026[[#This Row],[Zero]]=0,"Zero",IF(Rel_2026[[#This Row],[Pontuação]]>=10,"Sim",IF(Rel_2026[[#This Row],[Pontuação]]>=5,"Próximo","Não"))) -> Próximo | B88: =IF(Rel_2026[[#This Row],[Zero]]=0,"Zero",IF(Rel_2026[[#This Row],[Pontuação2]]>=10,"Sim",IF(Rel_2026[[#This Row],[Pontuação2]]>=5,"Próximo","Não"))) -> Sim | C88: =IFERROR(VLOOKUP(Rel_2026[[#This Row],[chave_loja]],Responsavel!A:B,2,FALSE),"EUCLIDES") -> JUNIOR | D88: =LEFT(Rel_2026[[#This Row],[ag_pacb]],4) -> 0684 | E88: 409582 | F88: IDEAL FARMA | G88: 0684/212 | H88: 45700 | I88: CE | J88: ACARAU | K88: 45694 | L88: 45714 | M88: FORTALEZA OESTE | N88: 46254 | O88: 92 | P88: 1 | Q88: 1 | R88: 1 | S88: 0 | T88: 0 | U88: 0 | V88: 0 | W88: 0 | X88: 0 | Y88: 0 | Z88: 0 | AA88: 0 | AB88: 0 | AC88: 0 | AD88: 0 | AE88: 0 | AF88: 1 | AG88: 0 | AH88: Nao | AI88: Desbloqueado | AK88: TREINADO | AL88: =IF(Rel_2026[[#This Row],[qtd_contas_com_deposito]]>0,7*Rel_2026[[#This Row],[qtd_contas_com_deposito]])+IF((Rel_2026[[#This Row],[qtd_contas]]-Rel_2026[[#This Row],[qtd_contas_com_deposito]])>0,(Rel_2026[[#This Row],[qtd_contas]]-Rel_2026[[#This Row],[qtd_contas_com_deposito]])*3)+IF(Rel_2026[[#This Row],[qtd_cesta_serv]]>0,0*Rel_2026[[#This Row],[qtd_cesta_serv]])+IF(Rel_2026[[#This Row],[QTD_CARTAO_EMITIDO]]>0,0*Rel_2026[[#This Row],[QTD_CARTAO_EMITIDO]])+IF(Rel_2026[[#This Row],[QTD_SUPER_PROTEGIDO]]>0,0*Rel_2026[[#This Row],[QTD_SUPER_PROTEGIDO]])+IF(Rel_2026[[#This Row],[QTD_CONTAS_PJ]]>0,0*Rel_2026[[#This Row],[QTD_CONTAS_PJ]])+IF(Rel_2026[[#This Row],[QTD_MICRO_VIVAVIDA]]>0,1*Rel_2026[[#This Row],[QTD_MICRO_VIVAVIDA]])+IF(Rel_2026[[#This Row],[qtd_microsseguro]]>0,1*Rel_2026[[#This Row],[qtd_microsseguro]])+IF(Rel_2026[[#This Row],[QTD_SEG_RESIDENCIAL]]>0,1*Rel_2026[[#This Row],[QTD_SEG_RESIDENCIAL]])+IF(Rel_2026[[#This Row],[QTD_PLANO_ODONTO]]>0,1*Rel_2026[[#This Row],[QTD_PLANO_ODONTO]])+IF(Rel_2026[[#This Row],[vlr_lime]]>0,1*ROUND(Rel_2026[[#This Row],[vlr_lime]]/100,0))+ROUND(IF(Rel_2026[[#This Row],[VLR_CREDITO_PARCEL]]>500,1*Rel_2026[[#This Row],[VLR_CREDITO_PARCEL]]/500),0)+ROUND(Rel_2026[[#This Row],[vlr_consignado_total]]/1000,0)+ROUND(Rel_2026[[#This Row],[VLR_EXP_SORTE]]/50,0) -> 7 | AM88: =SUM(Rel_2026[[#This Row],[qtd_TrxContabil]:[VLR_EXP_SORTE]]) -> 96 | AN88: =IF(Rel_2026[[#This Row],[qtd_contas_com_deposito]]>0,7*Rel_2026[[#This Row],[qtd_contas_com_deposito]])+IF((Rel_2026[[#This Row],[qtd_contas]]-Rel_2026[[#This Row],[qtd_contas_com_deposito]])>0,(Rel_2026[[#This Row],[qtd_contas]]-Rel_2026[[#This Row],[qtd_contas_com_deposito]])*3)+IF(Rel_2026[[#This Row],[qtd_cesta_serv]]>0,3*Rel_2026[[#This Row],[qtd_cesta_serv]])+IF(Rel_2026[[#This Row],[QTD_CARTAO_EMITIDO]]>0,0*Rel_2026[[#This Row],[QTD_CARTAO_EMITIDO]])+IF(Rel_2026[[#This Row],[QTD_SUPER_PROTEGIDO]]>0,0*Rel_2026[[#This Row],[QTD_SUPER_PROTEGIDO]])+IF(Rel_2026[[#This Row],[QTD_CONTAS_PJ]]>0,0*Rel_2026[[#This Row],[QTD_CONTAS_PJ]])+IF(Rel_2026[[#This Row],[QTD_MICRO_VIVAVIDA]]>0,1*Rel_2026[[#This Row],[QTD_MICRO_VIVAVIDA]])+IF(Rel_2026[[#This Row],[qtd_microsseguro]]>0,1*Rel_2026[[#This Row],[qtd_microsseguro]])+IF(Rel_2026[[#This Row],[QTD_SEG_RESIDENCIAL]]>0,1*Rel_2026[[#This Row],[QTD_SEG_RESIDENCIAL]])+IF(Rel_2026[[#This Row],[QTD_PLANO_ODONTO]]>0,1*Rel_2026[[#This Row],[QTD_PLANO_ODONTO]])+IF(Rel_2026[[#This Row],[vlr_lime]]>0,1*ROUND(Rel_2026[[#This Row],[vlr_lime]]/100,0))+ROUND(IF(Rel_2026[[#This Row],[VLR_CREDITO_PARCEL]]>500,1*Rel_2026[[#This Row],[VLR_CREDITO_PARCEL]]/500),0)+ROUND(Rel_2026[[#This Row],[vlr_consignado_total]]/1000,0)+ROUND(Rel_2026[[#This Row],[VLR_EXP_SORTE]]/50,0) -> 10
A89: =IF(Rel_2026[[#This Row],[Zero]]=0,"Zero",IF(Rel_2026[[#This Row],[Pontuação]]>=10,"Sim",IF(Rel_2026[[#This Row],[Pontuação]]>=5,"Próximo","Não"))) -> Não | B89: =IF(Rel_2026[[#This Row],[Zero]]=0,"Zero",IF(Rel_2026[[#This Row],[Pontuação2]]>=10,"Sim",IF(Rel_2026[[#This Row],[Pontuação2]]>=5,"Próximo","Não"))) -> Não | C89: =IFERROR(VLOOKUP(Rel_2026[[#This Row],[chave_loja]],Responsavel!A:B,2,FALSE),"EUCLIDES") -> ISMAEL | D89: =LEFT(Rel_2026[[#This Row],[ag_pacb]],4) -> 0704 | E89: 45300 | F89: DROGAGILDO | G89: 0704/202 | H89: 44351 | I89: CE | J89: ITAPIUNA | K89: 42235 | L89: 44512 | M89: FORTALEZA LESTE | N89: 46254 | O89: 274 | P89: 0 | Q89: 0 | R89: 0 | S89: 0 | T89: 0 | U89: 1104 | V89: 1104 | W89: 0 | X89: 0 | Y89: 0 | Z89: 0 | AA89: 0 | AB89: 0 | AC89: 0 | AD89: 0 | AE89: 0 | AF89: 0 | AG89: 0 | AH89: Nao | AI89: Desbloqueado | AK89: TREINADO | AL89: =IF(Rel_2026[[#This Row],[qtd_contas_com_deposito]]>0,7*Rel_2026[[#This Row],[qtd_contas_com_deposito]])+IF((Rel_2026[[#This Row],[qtd_contas]]-Rel_2026[[#This Row],[qtd_contas_com_deposito]])>0,(Rel_2026[[#This Row],[qtd_contas]]-Rel_2026[[#This Row],[qtd_contas_com_deposito]])*3)+IF(Rel_2026[[#This Row],[qtd_cesta_serv]]>0,0*Rel_2026[[#This Row],[qtd_cesta_serv]])+IF(Rel_2026[[#This Row],[QTD_CARTAO_EMITIDO]]>0,0*Rel_2026[[#This Row],[QTD_CARTAO_EMITIDO]])+IF(Rel_2026[[#This Row],[QTD_SUPER_PROTEGIDO]]>0,0*Rel_2026[[#This Row],[QTD_SUPER_PROTEGIDO]])+IF(Rel_2026[[#This Row],[QTD_CONTAS_PJ]]>0,0*Rel_2026[[#This Row],[QTD_CONTAS_PJ]])+IF(Rel_2026[[#This Row],[QTD_MICRO_VIVAVIDA]]>0,1*Rel_2026[[#This Row],[QTD_MICRO_VIVAVIDA]])+IF(Rel_2026[[#This Row],[qtd_microsseguro]]>0,1*Rel_2026[[#This Row],[qtd_microsseguro]])+IF(Rel_2026[[#This Row],[QTD_SEG_RESIDENCIAL]]>0,1*Rel_2026[[#This Row],[QTD_SEG_RESIDENCIAL]])+IF(Rel_2026[[#This Row],[QTD_PLANO_ODONTO]]>0,1*Rel_2026[[#This Row],[QTD_PLANO_ODONTO]])+IF(Rel_2026[[#This Row],[vlr_lime]]>0,1*ROUND(Rel_2026[[#This Row],[vlr_lime]]/100,0))+ROUND(IF(Rel_2026[[#This Row],[VLR_CREDITO_PARCEL]]>500,1*Rel_2026[[#This Row],[VLR_CREDITO_PARCEL]]/500),0)+ROUND(Rel_2026[[#This Row],[vlr_consignado_total]]/1000,0)+ROUND(Rel_2026[[#This Row],[VLR_EXP_SORTE]]/50,0) -> 1 | AM89: =SUM(Rel_2026[[#This Row],[qtd_TrxContabil]:[VLR_EXP_SORTE]]) -> 2482 | AN89: =IF(Rel_2026[[#This Row],[qtd_contas_com_deposito]]>0,7*Rel_2026[[#This Row],[qtd_contas_com_deposito]])+IF((Rel_2026[[#This Row],[qtd_contas]]-Rel_2026[[#This Row],[qtd_contas_com_deposito]])>0,(Rel_2026[[#This Row],[qtd_contas]]-Rel_2026[[#This Row],[qtd_contas_com_deposito]])*3)+IF(Rel_2026[[#This Row],[qtd_cesta_serv]]>0,3*Rel_2026[[#This Row],[qtd_cesta_serv]])+IF(Rel_2026[[#This Row],[QTD_CARTAO_EMITIDO]]>0,0*Rel_2026[[#This Row],[QTD_CARTAO_EMITIDO]])+IF(Rel_2026[[#This Row],[QTD_SUPER_PROTEGIDO]]>0,0*Rel_2026[[#This Row],[QTD_SUPER_PROTEGIDO]])+IF(Rel_2026[[#This Row],[QTD_CONTAS_PJ]]>0,0*Rel_2026[[#This Row],[QTD_CONTAS_PJ]])+IF(Rel_2026[[#This Row],[QTD_MICRO_VIVAVIDA]]>0,1*Rel_2026[[#This Row],[QTD_MICRO_VIVAVIDA]])+IF(Rel_2026[[#This Row],[qtd_microsseguro]]>0,1*Rel_2026[[#This Row],[qtd_microsseguro]])+IF(Rel_2026[[#This Row],[QTD_SEG_RESIDENCIAL]]>0,1*Rel_2026[[#This Row],[QTD_SEG_RESIDENCIAL]])+IF(Rel_2026[[#This Row],[QTD_PLANO_ODONTO]]>0,1*Rel_2026[[#This Row],[QTD_PLANO_ODONTO]])+IF(Rel_2026[[#This Row],[vlr_lime]]>0,1*ROUND(Rel_2026[[#This Row],[vlr_lime]]/100,0))+ROUND(IF(Rel_2026[[#This Row],[VLR_CREDITO_PARCEL]]>500,1*Rel_2026[[#This Row],[VLR_CREDITO_PARCEL]]/500),0)+ROUND(Rel_2026[[#This Row],[vlr_consignado_total]]/1000,0)+ROUND(Rel_2026[[#This Row],[VLR_EXP_SORTE]]/50,0) -> 1
A90: =IF(Rel_2026[[#This Row],[Zero]]=0,"Zero",IF(Rel_2026[[#This Row],[Pontuação]]>=10,"Sim",IF(Rel_2026[[#This Row],[Pontuação]]>=5,"Próximo","Não"))) -> Sim | B90: =IF(Rel_2026[[#This Row],[Zero]]=0,"Zero",IF(Rel_2026[[#This Row],[Pontuação2]]>=10,"Sim",IF(Rel_2026[[#This Row],[Pontuação2]]>=5,"Próximo","Não"))) -> Sim | C90: =IFERROR(VLOOKUP(Rel_2026[[#This Row],[chave_loja]],Responsavel!A:B,2,FALSE),"EUCLIDES") -> ROSSY | D90: =LEFT(Rel_2026[[#This Row],[ag_pacb]],4) -> 0405 | E90: 160152 | F90: PRIMUS MOTOS | G90: 0405/076 | H90: 46064 | I90: PI | J90: BARRO DURO | K90: 43922 | L90: 46245 | M90: TERESINA | N90: 46254 | O90: 989 | P90: 2 | Q90: 2 | R90: 2 | S90: 0 | T90: 0 | U90: 0 | V90: 0 | W90: 0 | X90: 0 | Y90: 0 | Z90: 0 | AA90: 0 | AB90: 0 | AC90: 0 | AD90: 0 | AE90: 0 | AF90: 1 | AG90: 0 | AH90: Sim | AI90: Desbloqueado | AK90: TREINADO | AL90: =IF(Rel_2026[[#This Row],[qtd_contas_com_deposito]]>0,7*Rel_2026[[#This Row],[qtd_contas_com_deposito]])+IF((Rel_2026[[#This Row],[qtd_contas]]-Rel_2026[[#This Row],[qtd_contas_com_deposito]])>0,(Rel_2026[[#This Row],[qtd_contas]]-Rel_2026[[#This Row],[qtd_contas_com_deposito]])*3)+IF(Rel_2026[[#This Row],[qtd_cesta_serv]]>0,0*Rel_2026[[#This Row],[qtd_cesta_serv]])+IF(Rel_2026[[#This Row],[QTD_CARTAO_EMITIDO]]>0,0*Rel_2026[[#This Row],[QTD_CARTAO_EMITIDO]])+IF(Rel_2026[[#This Row],[QTD_SUPER_PROTEGIDO]]>0,0*Rel_2026[[#This Row],[QTD_SUPER_PROTEGIDO]])+IF(Rel_2026[[#This Row],[QTD_CONTAS_PJ]]>0,0*Rel_2026[[#This Row],[QTD_CONTAS_PJ]])+IF(Rel_2026[[#This Row],[QTD_MICRO_VIVAVIDA]]>0,1*Rel_2026[[#This Row],[QTD_MICRO_VIVAVIDA]])+IF(Rel_2026[[#This Row],[qtd_microsseguro]]>0,1*Rel_2026[[#This Row],[qtd_microsseguro]])+IF(Rel_2026[[#This Row],[QTD_SEG_RESIDENCIAL]]>0,1*Rel_2026[[#This Row],[QTD_SEG_RESIDENCIAL]])+IF(Rel_2026[[#This Row],[QTD_PLANO_ODONTO]]>0,1*Rel_2026[[#This Row],[QTD_PLANO_ODONTO]])+IF(Rel_2026[[#This Row],[vlr_lime]]>0,1*ROUND(Rel_2026[[#This Row],[vlr_lime]]/100,0))+ROUND(IF(Rel_2026[[#This Row],[VLR_CREDITO_PARCEL]]>500,1*Rel_2026[[#This Row],[VLR_CREDITO_PARCEL]]/500),0)+ROUND(Rel_2026[[#This Row],[vlr_consignado_total]]/1000,0)+ROUND(Rel_2026[[#This Row],[VLR_EXP_SORTE]]/50,0) -> 14 | AM90: =SUM(Rel_2026[[#This Row],[qtd_TrxContabil]:[VLR_EXP_SORTE]]) -> 996 | AN90: =IF(Rel_2026[[#This Row],[qtd_contas_com_deposito]]>0,7*Rel_2026[[#This Row],[qtd_contas_com_deposito]])+IF((Rel_2026[[#This Row],[qtd_contas]]-Rel_2026[[#This Row],[qtd_contas_com_deposito]])>0,(Rel_2026[[#This Row],[qtd_contas]]-Rel_2026[[#This Row],[qtd_contas_com_deposito]])*3)+IF(Rel_2026[[#This Row],[qtd_cesta_serv]]>0,3*Rel_2026[[#This Row],[qtd_cesta_serv]])+IF(Rel_2026[[#This Row],[QTD_CARTAO_EMITIDO]]>0,0*Rel_2026[[#This Row],[QTD_CARTAO_EMITIDO]])+IF(Rel_2026[[#This Row],[QTD_SUPER_PROTEGIDO]]>0,0*Rel_2026[[#This Row],[QTD_SUPER_PROTEGIDO]])+IF(Rel_2026[[#This Row],[QTD_CONTAS_PJ]]>0,0*Rel_2026[[#This Row],[QTD_CONTAS_PJ]])+IF(Rel_2026[[#This Row],[QTD_MICRO_VIVAVIDA]]>0,1*Rel_2026[[#This Row],[QTD_MICRO_VIVAVIDA]])+IF(Rel_2026[[#This Row],[qtd_microsseguro]]>0,1*Rel_2026[[#This Row],[qtd_microsseguro]])+IF(Rel_2026[[#This Row],[QTD_SEG_RESIDENCIAL]]>0,1*Rel_2026[[#This Row],[QTD_SEG_RESIDENCIAL]])+IF(Rel_2026[[#This Row],[QTD_PLANO_ODONTO]]>0,1*Rel_2026[[#This Row],[QTD_PLANO_ODONTO]])+IF(Rel_2026[[#This Row],[vlr_lime]]>0,1*ROUND(Rel_2026[[#This Row],[vlr_lime]]/100,0))+ROUND(IF(Rel_2026[[#This Row],[VLR_CREDITO_PARCEL]]>500,1*Rel_2026[[#This Row],[VLR_CREDITO_PARCEL]]/500),0)+ROUND(Rel_2026[[#This Row],[vlr_consignado_total]]/1000,0)+ROUND(Rel_2026[[#This Row],[VLR_EXP_SORTE]]/50,0) -> 20
A91: =IF(Rel_2026[[#This Row],[Zero]]=0,"Zero",IF(Rel_2026[[#This Row],[Pontuação]]>=10,"Sim",IF(Rel_2026[[#This Row],[Pontuação]]>=5,"Próximo","Não"))) -> Sim | B91: =IF(Rel_2026[[#This Row],[Zero]]=0,"Zero",IF(Rel_2026[[#This Row],[Pontuação2]]>=10,"Sim",IF(Rel_2026[[#This Row],[Pontuação2]]>=5,"Próximo","Não"))) -> Sim | C91: =IFERROR(VLOOKUP(Rel_2026[[#This Row],[chave_loja]],Responsavel!A:B,2,FALSE),"EUCLIDES") -> CÉLIO | D91: =LEFT(Rel_2026[[#This Row],[ag_pacb]],4) -> 1379 | E91: 242896 | F91: UPA DIGITAL | G91: 1379/129 | H91: 44881 | I91: CE | J91: FORTALEZA | K91: 45091 | L91: 45792 | M91: FORTALEZA OESTE | N91: 46244 | O91: 0 | P91: 11 | Q91: 0 | R91: 7 | S91: 3 | T91: 0 | U91: 0 | V91: 0 | W91: 0 | X91: 0 | Y91: 0 | Z91: 0 | AA91: 0 | AB91: 0 | AC91: 0 | AD91: 10 | AE91: 0 | AF91: 0 | AG91: 0 | AH91: Nao | AI91: Desbloqueado | AK91: TREINADO | AL91: =IF(Rel_2026[[#This Row],[qtd_contas_com_deposito]]>0,7*Rel_2026[[#This Row],[qtd_contas_com_deposito]])+IF((Rel_2026[[#This Row],[qtd_contas]]-Rel_2026[[#This Row],[qtd_contas_com_deposito]])>0,(Rel_2026[[#This Row],[qtd_contas]]-Rel_2026[[#This Row],[qtd_contas_com_deposito]])*3)+IF(Rel_2026[[#This Row],[qtd_cesta_serv]]>0,0*Rel_2026[[#This Row],[qtd_cesta_serv]])+IF(Rel_2026[[#This Row],[QTD_CARTAO_EMITIDO]]>0,0*Rel_2026[[#This Row],[QTD_CARTAO_EMITIDO]])+IF(Rel_2026[[#This Row],[QTD_SUPER_PROTEGIDO]]>0,0*Rel_2026[[#This Row],[QTD_SUPER_PROTEGIDO]])+IF(Rel_2026[[#This Row],[QTD_CONTAS_PJ]]>0,0*Rel_2026[[#This Row],[QTD_CONTAS_PJ]])+IF(Rel_2026[[#This Row],[QTD_MICRO_VIVAVIDA]]>0,1*Rel_2026[[#This Row],[QTD_MICRO_VIVAVIDA]])+IF(Rel_2026[[#This Row],[qtd_microsseguro]]>0,1*Rel_2026[[#This Row],[qtd_microsseguro]])+IF(Rel_2026[[#This Row],[QTD_SEG_RESIDENCIAL]]>0,1*Rel_2026[[#This Row],[QTD_SEG_RESIDENCIAL]])+IF(Rel_2026[[#This Row],[QTD_PLANO_ODONTO]]>0,1*Rel_2026[[#This Row],[QTD_PLANO_ODONTO]])+IF(Rel_2026[[#This Row],[vlr_lime]]>0,1*ROUND(Rel_2026[[#This Row],[vlr_lime]]/100,0))+ROUND(IF(Rel_2026[[#This Row],[VLR_CREDITO_PARCEL]]>500,1*Rel_2026[[#This Row],[VLR_CREDITO_PARCEL]]/500),0)+ROUND(Rel_2026[[#This Row],[vlr_consignado_total]]/1000,0)+ROUND(Rel_2026[[#This Row],[VLR_EXP_SORTE]]/50,0) -> 43 | AM91: =SUM(Rel_2026[[#This Row],[qtd_TrxContabil]:[VLR_EXP_SORTE]]) -> 31 | AN91: =IF(Rel_2026[[#This Row],[qtd_contas_com_deposito]]>0,7*Rel_2026[[#This Row],[qtd_contas_com_deposito]])+IF((Rel_2026[[#This Row],[qtd_contas]]-Rel_2026[[#This Row],[qtd_contas_com_deposito]])>0,(Rel_2026[[#This Row],[qtd_contas]]-Rel_2026[[#This Row],[qtd_contas_com_deposito]])*3)+IF(Rel_2026[[#This Row],[qtd_cesta_serv]]>0,3*Rel_2026[[#This Row],[qtd_cesta_serv]])+IF(Rel_2026[[#This Row],[QTD_CARTAO_EMITIDO]]>0,0*Rel_2026[[#This Row],[QTD_CARTAO_EMITIDO]])+IF(Rel_2026[[#This Row],[QTD_SUPER_PROTEGIDO]]>0,0*Rel_2026[[#This Row],[QTD_SUPER_PROTEGIDO]])+IF(Rel_2026[[#This Row],[QTD_CONTAS_PJ]]>0,0*Rel_2026[[#This Row],[QTD_CONTAS_PJ]])+IF(Rel_2026[[#This Row],[QTD_MICRO_VIVAVIDA]]>0,1*Rel_2026[[#This Row],[QTD_MICRO_VIVAVIDA]])+IF(Rel_2026[[#This Row],[qtd_microsseguro]]>0,1*Rel_2026[[#This Row],[qtd_microsseguro]])+IF(Rel_2026[[#This Row],[QTD_SEG_RESIDENCIAL]]>0,1*Rel_2026[[#This Row],[QTD_SEG_RESIDENCIAL]])+IF(Rel_2026[[#This Row],[QTD_PLANO_ODONTO]]>0,1*Rel_2026[[#This Row],[QTD_PLANO_ODONTO]])+IF(Rel_2026[[#This Row],[vlr_lime]]>0,1*ROUND(Rel_2026[[#This Row],[vlr_lime]]/100,0))+ROUND(IF(Rel_2026[[#This Row],[VLR_CREDITO_PARCEL]]>500,1*Rel_2026[[#This Row],[VLR_CREDITO_PARCEL]]/500),0)+ROUND(Rel_2026[[#This Row],[vlr_consignado_total]]/1000,0)+ROUND(Rel_2026[[#This Row],[VLR_EXP_SORTE]]/50,0) -> 64
A92: =IF(Rel_2026[[#This Row],[Zero]]=0,"Zero",IF(Rel_2026[[#This Row],[Pontuação]]>=10,"Sim",IF(Rel_2026[[#This Row],[Pontuação]]>=5,"Próximo","Não"))) -> Não | B92: =IF(Rel_2026[[#This Row],[Zero]]=0,"Zero",IF(Rel_2026[[#This Row],[Pontuação2]]>=10,"Sim",IF(Rel_2026[[#This Row],[Pontuação2]]>=5,"Próximo","Não"))) -> Não | C92: =IFERROR(VLOOKUP(Rel_2026[[#This Row],[chave_loja]],Responsavel!A:B,2,FALSE),"EUCLIDES") -> NYCOLLAS | D92: =LEFT(Rel_2026[[#This Row],[ag_pacb]],4) -> 5446 | E92: 423774 | F92: Grupo Invista | G92: 5446/210 | H92: 46149 | I92: CE | J92: TRAIRI | K92: 46135 | L92: 46161 | M92: FORTALEZA OESTE | N92: 46254 | O92: 57 | P92: 0 | Q92: 0 | R92: 0 | S92: 0 | T92: 0 | U92: 0 | V92: 0 | W92: 0 | X92: 0 | Y92: 0 | Z92: 0 | AA92: 0 | AB92: 0 | AC92: 0 | AD92: 0 | AE92: 0 | AF92: 0 | AG92: 0 | AH92: Nao | AI92: Desbloqueado | AK92: TREINADO | AL92: =IF(Rel_2026[[#This Row],[qtd_contas_com_deposito]]>0,7*Rel_2026[[#This Row],[qtd_contas_com_deposito]])+IF((Rel_2026[[#This Row],[qtd_contas]]-Rel_2026[[#This Row],[qtd_contas_com_deposito]])>0,(Rel_2026[[#This Row],[qtd_contas]]-Rel_2026[[#This Row],[qtd_contas_com_deposito]])*3)+IF(Rel_2026[[#This Row],[qtd_cesta_serv]]>0,0*Rel_2026[[#This Row],[qtd_cesta_serv]])+IF(Rel_2026[[#This Row],[QTD_CARTAO_EMITIDO]]>0,0*Rel_2026[[#This Row],[QTD_CARTAO_EMITIDO]])+IF(Rel_2026[[#This Row],[QTD_SUPER_PROTEGIDO]]>0,0*Rel_2026[[#This Row],[QTD_SUPER_PROTEGIDO]])+IF(Rel_2026[[#This Row],[QTD_CONTAS_PJ]]>0,0*Rel_2026[[#This Row],[QTD_CONTAS_PJ]])+IF(Rel_2026[[#This Row],[QTD_MICRO_VIVAVIDA]]>0,1*Rel_2026[[#This Row],[QTD_MICRO_VIVAVIDA]])+IF(Rel_2026[[#This Row],[qtd_microsseguro]]>0,1*Rel_2026[[#This Row],[qtd_microsseguro]])+IF(Rel_2026[[#This Row],[QTD_SEG_RESIDENCIAL]]>0,1*Rel_2026[[#This Row],[QTD_SEG_RESIDENCIAL]])+IF(Rel_2026[[#This Row],[QTD_PLANO_ODONTO]]>0,1*Rel_2026[[#This Row],[QTD_PLANO_ODONTO]])+IF(Rel_2026[[#This Row],[vlr_lime]]>0,1*ROUND(Rel_2026[[#This Row],[vlr_lime]]/100,0))+ROUND(IF(Rel_2026[[#This Row],[VLR_CREDITO_PARCEL]]>500,1*Rel_2026[[#This Row],[VLR_CREDITO_PARCEL]]/500),0)+ROUND(Rel_2026[[#This Row],[vlr_consignado_total]]/1000,0)+ROUND(Rel_2026[[#This Row],[VLR_EXP_SORTE]]/50,0) -> 0 | AM92: =SUM(Rel_2026[[#This Row],[qtd_TrxContabil]:[VLR_EXP_SORTE]]) -> 57 | AN92: =IF(Rel_2026[[#This Row],[qtd_contas_com_deposito]]>0,7*Rel_2026[[#This Row],[qtd_contas_com_deposito]])+IF((Rel_2026[[#This Row],[qtd_contas]]-Rel_2026[[#This Row],[qtd_contas_com_deposito]])>0,(Rel_2026[[#This Row],[qtd_contas]]-Rel_2026[[#This Row],[qtd_contas_com_deposito]])*3)+IF(Rel_2026[[#This Row],[qtd_cesta_serv]]>0,3*Rel_2026[[#This Row],[qtd_cesta_serv]])+IF(Rel_2026[[#This Row],[QTD_CARTAO_EMITIDO]]>0,0*Rel_2026[[#This Row],[QTD_CARTAO_EMITIDO]])+IF(Rel_2026[[#This Row],[QTD_SUPER_PROTEGIDO]]>0,0*Rel_2026[[#This Row],[QTD_SUPER_PROTEGIDO]])+IF(Rel_2026[[#This Row],[QTD_CONTAS_PJ]]>0,0*Rel_2026[[#This Row],[QTD_CONTAS_PJ]])+IF(Rel_2026[[#This Row],[QTD_MICRO_VIVAVIDA]]>0,1*Rel_2026[[#This Row],[QTD_MICRO_VIVAVIDA]])+IF(Rel_2026[[#This Row],[qtd_microsseguro]]>0,1*Rel_2026[[#This Row],[qtd_microsseguro]])+IF(Rel_2026[[#This Row],[QTD_SEG_RESIDENCIAL]]>0,1*Rel_2026[[#This Row],[QTD_SEG_RESIDENCIAL]])+IF(Rel_2026[[#This Row],[QTD_PLANO_ODONTO]]>0,1*Rel_2026[[#This Row],[QTD_PLANO_ODONTO]])+IF(Rel_2026[[#This Row],[vlr_lime]]>0,1*ROUND(Rel_2026[[#This Row],[vlr_lime]]/100,0))+ROUND(IF(Rel_2026[[#This Row],[VLR_CREDITO_PARCEL]]>500,1*Rel_2026[[#This Row],[VLR_CREDITO_PARCEL]]/500),0)+ROUND(Rel_2026[[#This Row],[vlr_consignado_total]]/1000,0)+ROUND(Rel_2026[[#This Row],[VLR_EXP_SORTE]]/50,0) -> 0
A93: =IF(Rel_2026[[#This Row],[Zero]]=0,"Zero",IF(Rel_2026[[#This Row],[Pontuação]]>=10,"Sim",IF(Rel_2026[[#This Row],[Pontuação]]>=5,"Próximo","Não"))) -> Não | B93: =IF(Rel_2026[[#This Row],[Zero]]=0,"Zero",IF(Rel_2026[[#This Row],[Pontuação2]]>=10,"Sim",IF(Rel_2026[[#This Row],[Pontuação2]]>=5,"Próximo","Não"))) -> Não | C93: =IFERROR(VLOOKUP(Rel_2026[[#This Row],[chave_loja]],Responsavel!A:B,2,FALSE),"EUCLIDES") -> ROSSY | D93: =LEFT(Rel_2026[[#This Row],[ag_pacb]],4) -> 3848 | E93: 100468 | F93: DROGARIA WANDERLLEY | G93: 3848/157 | H93: 45237 | I93: PI | J93: ALTO LONGA | K93: 42250 | L93: 46079 | M93: TERESINA | N93: 46252 | O93: 94 | P93: 0 | Q93: 0 | R93: 0 | S93: 0 | T93: 0 | U93: 0 | V93: 0 | W93: 0 | X93: 0 | Y93: 0 | Z93: 0 | AA93: 0 | AB93: 0 | AC93: 0 | AD93: 0 | AE93: 0 | AF93: 0 | AG93: 0 | AH93: Nao | AI93: Desbloqueado | AK93: TREINADO | AL93: =IF(Rel_2026[[#This Row],[qtd_contas_com_deposito]]>0,7*Rel_2026[[#This Row],[qtd_contas_com_deposito]])+IF((Rel_2026[[#This Row],[qtd_contas]]-Rel_2026[[#This Row],[qtd_contas_com_deposito]])>0,(Rel_2026[[#This Row],[qtd_contas]]-Rel_2026[[#This Row],[qtd_contas_com_deposito]])*3)+IF(Rel_2026[[#This Row],[qtd_cesta_serv]]>0,0*Rel_2026[[#This Row],[qtd_cesta_serv]])+IF(Rel_2026[[#This Row],[QTD_CARTAO_EMITIDO]]>0,0*Rel_2026[[#This Row],[QTD_CARTAO_EMITIDO]])+IF(Rel_2026[[#This Row],[QTD_SUPER_PROTEGIDO]]>0,0*Rel_2026[[#This Row],[QTD_SUPER_PROTEGIDO]])+IF(Rel_2026[[#This Row],[QTD_CONTAS_PJ]]>0,0*Rel_2026[[#This Row],[QTD_CONTAS_PJ]])+IF(Rel_2026[[#This Row],[QTD_MICRO_VIVAVIDA]]>0,1*Rel_2026[[#This Row],[QTD_MICRO_VIVAVIDA]])+IF(Rel_2026[[#This Row],[qtd_microsseguro]]>0,1*Rel_2026[[#This Row],[qtd_microsseguro]])+IF(Rel_2026[[#This Row],[QTD_SEG_RESIDENCIAL]]>0,1*Rel_2026[[#This Row],[QTD_SEG_RESIDENCIAL]])+IF(Rel_2026[[#This Row],[QTD_PLANO_ODONTO]]>0,1*Rel_2026[[#This Row],[QTD_PLANO_ODONTO]])+IF(Rel_2026[[#This Row],[vlr_lime]]>0,1*ROUND(Rel_2026[[#This Row],[vlr_lime]]/100,0))+ROUND(IF(Rel_2026[[#This Row],[VLR_CREDITO_PARCEL]]>500,1*Rel_2026[[#This Row],[VLR_CREDITO_PARCEL]]/500),0)+ROUND(Rel_2026[[#This Row],[vlr_consignado_total]]/1000,0)+ROUND(Rel_2026[[#This Row],[VLR_EXP_SORTE]]/50,0) -> 0 | AM93: =SUM(Rel_2026[[#This Row],[qtd_TrxContabil]:[VLR_EXP_SORTE]]) -> 94 | AN93: =IF(Rel_2026[[#This Row],[qtd_contas_com_deposito]]>0,7*Rel_2026[[#This Row],[qtd_contas_com_deposito]])+IF((Rel_2026[[#This Row],[qtd_contas]]-Rel_2026[[#This Row],[qtd_contas_com_deposito]])>0,(Rel_2026[[#This Row],[qtd_contas]]-Rel_2026[[#This Row],[qtd_contas_com_deposito]])*3)+IF(Rel_2026[[#This Row],[qtd_cesta_serv]]>0,3*Rel_2026[[#This Row],[qtd_cesta_serv]])+IF(Rel_2026[[#This Row],[QTD_CARTAO_EMITIDO]]>0,0*Rel_2026[[#This Row],[QTD_CARTAO_EMITIDO]])+IF(Rel_2026[[#This Row],[QTD_SUPER_PROTEGIDO]]>0,0*Rel_2026[[#This Row],[QTD_SUPER_PROTEGIDO]])+IF(Rel_2026[[#This Row],[QTD_CONTAS_PJ]]>0,0*Rel_2026[[#This Row],[QTD_CONTAS_PJ]])+IF(Rel_2026[[#This Row],[QTD_MICRO_VIVAVIDA]]>0,1*Rel_2026[[#This Row],[QTD_MICRO_VIVAVIDA]])+IF(Rel_2026[[#This Row],[qtd_microsseguro]]>0,1*Rel_2026[[#This Row],[qtd_microsseguro]])+IF(Rel_2026[[#This Row],[QTD_SEG_RESIDENCIAL]]>0,1*Rel_2026[[#This Row],[QTD_SEG_RESIDENCIAL]])+IF(Rel_2026[[#This Row],[QTD_PLANO_ODONTO]]>0,1*Rel_2026[[#This Row],[QTD_PLANO_ODONTO]])+IF(Rel_2026[[#This Row],[vlr_lime]]>0,1*ROUND(Rel_2026[[#This Row],[vlr_lime]]/100,0))+ROUND(IF(Rel_2026[[#This Row],[VLR_CREDITO_PARCEL]]>500,1*Rel_2026[[#This Row],[VLR_CREDITO_PARCEL]]/500),0)+ROUND(Rel_2026[[#This Row],[vlr_consignado_total]]/1000,0)+ROUND(Rel_2026[[#This Row],[VLR_EXP_SORTE]]/50,0) -> 0
